scenario,is_conflict,number_of_conflicts,places_of_conflicts,conflict_vehicles,decisions,priority_order,waiting_times
"{""vehicles_scenario"": [{""vehicle_id"": ""V7657"", ""lane"": ""6"", ""speed"": 62.35676112120328, ""distance_to_intersection"": 319.5145681006422, ""direction"": ""south"", ""destination"": ""A""}, {""vehicle_id"": ""V4314"", ""lane"": ""1"", ""speed"": 43.969216744637734, ""distance_to_intersection"": 213.17566092234838, ""direction"": ""north"", ""destination"": ""F""}, {""vehicle_id"": ""V5246"", ""lane"": ""8"", ""speed"": 42.07762792960739, ""distance_to_intersection"": 59.07826417628517, ""direction"": ""west"", ""destination"": ""A""}, {""vehicle_id"": ""V2448"", ""lane"": ""6"", ""speed"": 51.06912235849252, ""distance_to_intersection"": 367.78955169621526, ""direction"": ""south"", ""destination"": ""A""}]}",yes,1,['intersection'],"[{'vehicle1_id': 'V7657', 'vehicle2_id': 'V4314'}]",['Potential conflict: Vehicle V7657 must yield to Vehicle V4314'],"{'V4314': 1, 'V7657': 2, 'V5246': None, 'V2448': None}","{'V4314': 0, 'V7657': 2, 'V5246': 0, 'V2448': 0}"
"{""vehicles_scenario"": [{""vehicle_id"": ""V4478"", ""lane"": ""1"", ""speed"": 74.20649929516671, ""distance_to_intersection"": 85.92259075326822, ""direction"": ""north"", ""destination"": ""H""}, {""vehicle_id"": ""V6944"", ""lane"": ""4"", ""speed"": 28.466355315658724, ""distance_to_intersection"": 293.4242751081817, ""direction"": ""east"", ""destination"": ""E""}]}",no,0,[],[],[],"{'V4478': None, 'V6944': None}","{'V4478': 0, 'V6944': 0}"
"{""vehicles_scenario"": [{""vehicle_id"": ""V9461"", ""lane"": ""8"", ""speed"": 70.7536449512598, ""distance_to_intersection"": 397.842248455882, ""direction"": ""west"", ""destination"": ""C""}, {""vehicle_id"": ""V2505"", ""lane"": ""4"", ""speed"": 54.550535508570164, ""distance_to_intersection"": 137.39485034624647, ""direction"": ""east"", ""destination"": ""E""}, {""vehicle_id"": ""V8904"", ""lane"": ""8"", ""speed"": 49.583839890620254, ""distance_to_intersection"": 436.1831580621288, ""direction"": ""west"", ""destination"": ""A""}, {""vehicle_id"": ""V8829"", ""lane"": ""2"", ""speed"": 28.146080745485055, ""distance_to_intersection"": 76.91363307793738, ""direction"": ""north"", ""destination"": ""E""}, {""vehicle_id"": ""V7365"", ""lane"": ""6"", ""speed"": 48.79025390429926, ""distance_to_intersection"": 401.1973342053969, ""direction"": ""south"", ""destination"": ""A""}]}",yes,2,"['intersection', 'intersection']","[{'vehicle1_id': 'V2505', 'vehicle2_id': 'V8829'}, {'vehicle1_id': 'V8904', 'vehicle2_id': 'V7365'}]","['Potential conflict: Vehicle V8829 must yield to Vehicle V2505', 'Potential conflict: Vehicle V8904 must yield to Vehicle V7365']","{'V2505': 1, 'V8829': 2, 'V7365': 3, 'V8904': 4, 'V9461': None}","{'V2505': 0, 'V8829': 2, 'V7365': 0, 'V8904': 0, 'V9461': 0}"
"{""vehicles_scenario"": [{""vehicle_id"": ""V4998"", ""lane"": ""1"", ""speed"": 72.39834842792695, ""distance_to_intersection"": 389.1086546832966, ""direction"": ""north"", ""destination"": ""H""}, {""vehicle_id"": ""V9517"", ""lane"": ""1"", ""speed"": 78.83709898657375, ""distance_to_intersection"": 148.62946325082754, ""direction"": ""north"", ""destination"": ""F""}, {""vehicle_id"": ""V5867"", ""lane"": ""4"", ""speed"": 39.20562145805575, ""distance_to_intersection"": 74.35025723802838, ""direction"": ""east"", ""destination"": ""E""}, {""vehicle_id"": ""V6451"", ""lane"": ""6"", ""speed"": 26.545146584351436, ""distance_to_intersection"": 111.877624125909, ""direction"": ""south"", ""destination"": ""G""}]}",yes,1,['intersection'],"[{'vehicle1_id': 'V9517', 'vehicle2_id': 'V5867'}]",['Potential conflict: Vehicle V5867 must yield to Vehicle V9517'],"{'V9517': 1, 'V5867': 2, 'V4998': None, 'V6451': None}","{'V9517': 0, 'V5867': 2, 'V4998': 0, 'V6451': 0}"
"{""vehicles_scenario"": [{""vehicle_id"": ""V6985"", ""lane"": ""4"", ""speed"": 40.90672785743509, ""distance_to_intersection"": 109.41577012805539, ""direction"": ""east"", ""destination"": ""F""}, {""vehicle_id"": ""V2918"", ""lane"": ""2"", ""speed"": 48.49834844518267, ""distance_to_intersection"": 472.187110400431, ""direction"": ""north"", ""destination"": ""E""}, {""vehicle_id"": ""V2625"", ""lane"": ""1"", ""speed"": 54.09446090928022, ""distance_to_intersection"": 181.97847935607393, ""direction"": ""north"", ""destination"": ""H""}, {""vehicle_id"": ""V7157"", ""lane"": ""2"", ""speed"": 56.245574032434206, ""distance_to_intersection"": 378.75372519549916, ""direction"": ""north"", ""destination"": ""E""}, {""vehicle_id"": ""V8238"", ""lane"": ""5"", ""speed"": 62.21998303530028, ""distance_to_intersection"": 175.3920644742151, ""direction"": ""south"", ""destination"": ""D""}]}",yes,2,"['intersection', 'intersection']","[{'vehicle1_id': 'V6985', 'vehicle2_id': 'V2625'}, {'vehicle1_id': 'V6985', 'vehicle2_id': 'V8238'}]","['Potential conflict: Vehicle V2625 must yield to Vehicle V6985', 'Potential conflict: Vehicle V6985 must yield to Vehicle V8238']","{'V6985': 1, 'V8238': 2, 'V2625': 3, 'V2918': None, 'V7157': None}","{'V6985': 0, 'V8238': 2, 'V2625': 2, 'V2918': 0, 'V7157': 0}"
"{""vehicles_scenario"": [{""vehicle_id"": ""V9239"", ""lane"": ""8"", ""speed"": 29.527329085986786, ""distance_to_intersection"": 374.7195079810904, ""direction"": ""west"", ""destination"": ""A""}, {""vehicle_id"": ""V9942"", ""lane"": ""4"", ""speed"": 33.39984673211442, ""distance_to_intersection"": 183.88152749847814, ""direction"": ""east"", ""destination"": ""G""}]}",no,0,[],[],[],"{'V9239': None, 'V9942': None}","{'V9239': 0, 'V9942': 0}"
"{""vehicles_scenario"": [{""vehicle_id"": ""V6886"", ""lane"": ""2"", ""speed"": 61.00216636982031, ""distance_to_intersection"": 184.06511026771386, ""direction"": ""north"", ""destination"": ""D""}, {""vehicle_id"": ""V8326"", ""lane"": ""5"", ""speed"": 49.183278751468876, ""distance_to_intersection"": 186.11816015091438, ""direction"": ""south"", ""destination"": ""D""}, {""vehicle_id"": ""V8851"", ""lane"": ""3"", ""speed"": 45.15367865520437, ""distance_to_intersection"": 252.69246331572077, ""direction"": ""east"", ""destination"": ""H""}]}",yes,1,['intersection'],"[{'vehicle1_id': 'V6886', 'vehicle2_id': 'V8326'}]",['Potential conflict: Vehicle V8326 must yield to Vehicle V6886'],"{'V6886': 1, 'V8326': 2, 'V8851': None}","{'V6886': 0, 'V8326': 0, 'V8851': 0}"
"{""vehicles_scenario"": [{""vehicle_id"": ""V6329"", ""lane"": ""6"", ""speed"": 22.580968337511237, ""distance_to_intersection"": 94.3953685582388, ""direction"": ""south"", ""destination"": ""G""}, {""vehicle_id"": ""V9814"", ""lane"": ""7"", ""speed"": 72.5717846425994, ""distance_to_intersection"": 88.27149137910602, ""direction"": ""west"", ""destination"": ""F""}]}",no,0,[],[],[],"{'V6329': None, 'V9814': None}","{'V6329': 0, 'V9814': 0}"
"{""vehicles_scenario"": [{""vehicle_id"": ""V1341"", ""lane"": ""5"", ""speed"": 36.0555229677083, ""distance_to_intersection"": 278.2923703890185, ""direction"": ""south"", ""destination"": ""D""}, {""vehicle_id"": ""V9459"", ""lane"": ""2"", ""speed"": 66.74378345150495, ""distance_to_intersection"": 299.2464024629424, ""direction"": ""north"", ""destination"": ""D""}, {""vehicle_id"": ""V6136"", ""lane"": ""5"", ""speed"": 57.97623068944509, ""distance_to_intersection"": 403.6424920027924, ""direction"": ""south"", ""destination"": ""B""}, {""vehicle_id"": ""V2374"", ""lane"": ""2"", ""speed"": 31.649556253700275, ""distance_to_intersection"": 202.33951802711556, ""direction"": ""north"", ""destination"": ""E""}]}",yes,1,['intersection'],"[{'vehicle1_id': 'V6136', 'vehicle2_id': 'V2374'}]",['Potential conflict: Vehicle V6136 must yield to Vehicle V2374'],"{'V2374': 1, 'V6136': 2, 'V1341': None, 'V9459': None}","{'V2374': 0, 'V6136': 0, 'V1341': 0, 'V9459': 0}"
"{""vehicles_scenario"": [{""vehicle_id"": ""V8868"", ""lane"": ""6"", ""speed"": 40.176453427791216, ""distance_to_intersection"": 436.5346336280494, ""direction"": ""south"", ""destination"": ""H""}, {""vehicle_id"": ""V7513"", ""lane"": ""2"", ""speed"": 60.38599441640356, ""distance_to_intersection"": 408.67248963969405, ""direction"": ""north"", ""destination"": ""D""}, {""vehicle_id"": ""V2045"", ""lane"": ""2"", ""speed"": 68.96661470324412, ""distance_to_intersection"": 486.4759921348527, ""direction"": ""north"", ""destination"": ""E""}]}",no,0,[],[],[],"{'V8868': None, 'V7513': None, 'V2045': None}","{'V8868': 0, 'V7513': 0, 'V2045': 0}"
"{""vehicles_scenario"": [{""vehicle_id"": ""V7475"", ""lane"": ""4"", ""speed"": 79.61499125136666, ""distance_to_intersection"": 365.68118541266676, ""direction"": ""east"", ""destination"": ""G""}, {""vehicle_id"": ""V6722"", ""lane"": ""7"", ""speed"": 31.034170858157587, ""distance_to_intersection"": 448.42457609484427, ""direction"": ""west"", ""destination"": ""F""}, {""vehicle_id"": ""V3906"", ""lane"": ""2"", ""speed"": 66.48768470420272, ""distance_to_intersection"": 476.68512842455493, ""direction"": ""north"", ""destination"": ""C""}, {""vehicle_id"": ""V7210"", ""lane"": ""7"", ""speed"": 53.553683464373904, ""distance_to_intersection"": 368.3713065230764, ""direction"": ""west"", ""destination"": ""D""}, {""vehicle_id"": ""V5733"", ""lane"": ""7"", ""speed"": 62.47882608955946, ""distance_to_intersection"": 388.9421005530459, ""direction"": ""west"", ""destination"": ""D""}]}",yes,2,"['intersection', 'intersection']","[{'vehicle1_id': 'V3906', 'vehicle2_id': 'V7210'}, {'vehicle1_id': 'V3906', 'vehicle2_id': 'V5733'}]","['Potential conflict: Vehicle V3906 must yield to Vehicle V7210', 'Potential conflict: Vehicle V3906 must yield to Vehicle V5733']","{'V5733': 1, 'V7210': 2, 'V3906': 3, 'V7475': None, 'V6722': None}","{'V5733': 0, 'V7210': 0, 'V3906': 1, 'V7475': 0, 'V6722': 0}"
"{""vehicles_scenario"": [{""vehicle_id"": ""V4452"", ""lane"": ""7"", ""speed"": 20.627357569008392, ""distance_to_intersection"": 67.93543311827864, ""direction"": ""west"", ""destination"": ""F""}, {""vehicle_id"": ""V4721"", ""lane"": ""8"", ""speed"": 53.488003161895094, ""distance_to_intersection"": 237.58918443340406, ""direction"": ""west"", ""destination"": ""A""}, {""vehicle_id"": ""V7382"", ""lane"": ""4"", ""speed"": 69.69950299690161, ""distance_to_intersection"": 110.83762262313778, ""direction"": ""east"", ""destination"": ""F""}, {""vehicle_id"": ""V6788"", ""lane"": ""8"", ""speed"": 69.670580325271, ""distance_to_intersection"": 314.2483230660328, ""direction"": ""west"", ""destination"": ""A""}]}",no,0,[],[],[],"{'V4452': None, 'V4721': None, 'V7382': None, 'V6788': None}","{'V4452': 0, 'V4721': 0, 'V7382': 0, 'V6788': 0}"
"{""vehicles_scenario"": [{""vehicle_id"": ""V3787"", ""lane"": ""5"", ""speed"": 37.25307755420563, ""distance_to_intersection"": 173.96573760237555, ""direction"": ""south"", ""destination"": ""D""}, {""vehicle_id"": ""V7989"", ""lane"": ""3"", ""speed"": 29.831681536150224, ""distance_to_intersection"": 377.89790802866077, ""direction"": ""east"", ""destination"": ""H""}, {""vehicle_id"": ""V2119"", ""lane"": ""8"", ""speed"": 79.93973072944834, ""distance_to_intersection"": 483.1518921250079, ""direction"": ""west"", ""destination"": ""C""}]}",no,0,[],[],[],"{'V3787': None, 'V7989': None, 'V2119': None}","{'V3787': 0, 'V7989': 0, 'V2119': 0}"
"{""vehicles_scenario"": [{""vehicle_id"": ""V1744"", ""lane"": ""3"", ""speed"": 43.96946631828723, ""distance_to_intersection"": 486.84326060977173, ""direction"": ""east"", ""destination"": ""H""}, {""vehicle_id"": ""V9296"", ""lane"": ""1"", ""speed"": 47.35169469927949, ""distance_to_intersection"": 356.42286497925375, ""direction"": ""north"", ""destination"": ""F""}, {""vehicle_id"": ""V8282"", ""lane"": ""7"", ""speed"": 25.29833575801165, ""distance_to_intersection"": 309.69185421400925, ""direction"": ""west"", ""destination"": ""F""}, {""vehicle_id"": ""V8658"", ""lane"": ""8"", ""speed"": 67.46574490712865, ""distance_to_intersection"": 174.8222568639065, ""direction"": ""west"", ""destination"": ""A""}]}",no,0,[],[],[],"{'V1744': None, 'V9296': None, 'V8282': None, 'V8658': None}","{'V1744': 0, 'V9296': 0, 'V8282': 0, 'V8658': 0}"
"{""vehicles_scenario"": [{""vehicle_id"": ""V5863"", ""lane"": ""5"", ""speed"": 51.64359234072153, ""distance_to_intersection"": 292.1020408892949, ""direction"": ""south"", ""destination"": ""B""}, {""vehicle_id"": ""V5295"", ""lane"": ""4"", ""speed"": 53.29060370047349, ""distance_to_intersection"": 89.11515534724828, ""direction"": ""east"", ""destination"": ""E""}]}",no,0,[],[],[],"{'V5863': None, 'V5295': None}","{'V5863': 0, 'V5295': 0}"
"{""vehicles_scenario"": [{""vehicle_id"": ""V9769"", ""lane"": ""2"", ""speed"": 66.97438532701977, ""distance_to_intersection"": 156.85582982987432, ""direction"": ""north"", ""destination"": ""D""}, {""vehicle_id"": ""V5899"", ""lane"": ""4"", ""speed"": 39.43623811154784, ""distance_to_intersection"": 474.38463058054305, ""direction"": ""east"", ""destination"": ""G""}]}",no,0,[],[],[],"{'V9769': None, 'V5899': None}","{'V9769': 0, 'V5899': 0}"
"{""vehicles_scenario"": [{""vehicle_id"": ""V6097"", ""lane"": ""7"", ""speed"": 54.75591123631834, ""distance_to_intersection"": 139.28176416375487, ""direction"": ""west"", ""destination"": ""F""}, {""vehicle_id"": ""V1126"", ""lane"": ""5"", ""speed"": 41.89783191115191, ""distance_to_intersection"": 330.81148018792896, ""direction"": ""south"", ""destination"": ""D""}, {""vehicle_id"": ""V3531"", ""lane"": ""4"", ""speed"": 73.07126931200945, ""distance_to_intersection"": 251.52245632682235, ""direction"": ""east"", ""destination"": ""G""}, {""vehicle_id"": ""V2529"", ""lane"": ""2"", ""speed"": 22.160812222205163, ""distance_to_intersection"": 330.2094684913475, ""direction"": ""north"", ""destination"": ""D""}]}",yes,1,['intersection'],"[{'vehicle1_id': 'V6097', 'vehicle2_id': 'V3531'}]",['Potential conflict: Vehicle V3531 must yield to Vehicle V6097'],"{'V6097': 1, 'V3531': 2, 'V1126': None, 'V2529': None}","{'V6097': 0, 'V3531': 0, 'V1126': 0, 'V2529': 0}"
"{""vehicles_scenario"": [{""vehicle_id"": ""V6191"", ""lane"": ""2"", ""speed"": 26.010732750862076, ""distance_to_intersection"": 149.20981716742878, ""direction"": ""north"", ""destination"": ""E""}, {""vehicle_id"": ""V1443"", ""lane"": ""2"", ""speed"": 76.38631552703639, ""distance_to_intersection"": 229.30869374500168, ""direction"": ""north"", ""destination"": ""C""}]}",no,0,[],[],[],"{'V6191': None, 'V1443': None}","{'V6191': 0, 'V1443': 0}"
"{""vehicles_scenario"": [{""vehicle_id"": ""V6762"", ""lane"": ""1"", ""speed"": 23.87119382473732, ""distance_to_intersection"": 274.70359063077245, ""direction"": ""north"", ""destination"": ""F""}, {""vehicle_id"": ""V7809"", ""lane"": ""5"", ""speed"": 41.044250729313134, ""distance_to_intersection"": 436.83410950229484, ""direction"": ""south"", ""destination"": ""B""}]}",no,0,[],[],[],"{'V6762': None, 'V7809': None}","{'V6762': 0, 'V7809': 0}"
"{""vehicles_scenario"": [{""vehicle_id"": ""V6052"", ""lane"": ""8"", ""speed"": 45.69125993868797, ""distance_to_intersection"": 68.30612706990432, ""direction"": ""west"", ""destination"": ""B""}, {""vehicle_id"": ""V9596"", ""lane"": ""7"", ""speed"": 34.60583301986639, ""distance_to_intersection"": 222.74987809471511, ""direction"": ""west"", ""destination"": ""F""}, {""vehicle_id"": ""V8561"", ""lane"": ""1"", ""speed"": 46.00766714992401, ""distance_to_intersection"": 210.6230050297365, ""direction"": ""north"", ""destination"": ""F""}, {""vehicle_id"": ""V2950"", ""lane"": ""7"", ""speed"": 53.61378119993965, ""distance_to_intersection"": 444.905644912603, ""direction"": ""west"", ""destination"": ""F""}]}",no,0,[],[],[],"{'V6052': None, 'V9596': None, 'V8561': None, 'V2950': None}","{'V6052': 0, 'V9596': 0, 'V8561': 0, 'V2950': 0}"
"{""vehicles_scenario"": [{""vehicle_id"": ""V3197"", ""lane"": ""6"", ""speed"": 75.08357187134764, ""distance_to_intersection"": 426.34141634727615, ""direction"": ""south"", ""destination"": ""A""}, {""vehicle_id"": ""V3927"", ""lane"": ""4"", ""speed"": 50.49979833837746, ""distance_to_intersection"": 158.32606395132552, ""direction"": ""east"", ""destination"": ""E""}, {""vehicle_id"": ""V7904"", ""lane"": ""7"", ""speed"": 71.8296616832758, ""distance_to_intersection"": 146.4209817329491, ""direction"": ""west"", ""destination"": ""F""}, {""vehicle_id"": ""V5398"", ""lane"": ""6"", ""speed"": 55.54427010818256, ""distance_to_intersection"": 366.6461594202355, ""direction"": ""south"", ""destination"": ""G""}]}",yes,1,['intersection'],"[{'vehicle1_id': 'V3927', 'vehicle2_id': 'V7904'}]",['Potential conflict: Vehicle V3927 must yield to Vehicle V7904'],"{'V7904': 1, 'V3927': 2, 'V3197': None, 'V5398': None}","{'V7904': 0, 'V3927': 0, 'V3197': 0, 'V5398': 0}"
"{""vehicles_scenario"": [{""vehicle_id"": ""V7795"", ""lane"": ""6"", ""speed"": 52.4305113755041, ""distance_to_intersection"": 458.7414913459257, ""direction"": ""south"", ""destination"": ""H""}, {""vehicle_id"": ""V5331"", ""lane"": ""5"", ""speed"": 71.25226286080267, ""distance_to_intersection"": 158.59848432259045, ""direction"": ""south"", ""destination"": ""D""}, {""vehicle_id"": ""V8736"", ""lane"": ""4"", ""speed"": 21.133746242541136, ""distance_to_intersection"": 115.316150283863, ""direction"": ""east"", ""destination"": ""E""}]}",no,0,[],[],[],"{'V7795': None, 'V5331': None, 'V8736': None}","{'V7795': 0, 'V5331': 0, 'V8736': 0}"
"{""vehicles_scenario"": [{""vehicle_id"": ""V9592"", ""lane"": ""7"", ""speed"": 51.8389836164256, ""distance_to_intersection"": 336.99178736412324, ""direction"": ""west"", ""destination"": ""F""}, {""vehicle_id"": ""V8609"", ""lane"": ""8"", ""speed"": 32.668600701486014, ""distance_to_intersection"": 192.48547908816863, ""direction"": ""west"", ""destination"": ""C""}, {""vehicle_id"": ""V2878"", ""lane"": ""2"", ""speed"": 28.63805110331496, ""distance_to_intersection"": 394.3676797046376, ""direction"": ""north"", ""destination"": ""C""}, {""vehicle_id"": ""V1816"", ""lane"": ""7"", ""speed"": 25.418365492966387, ""distance_to_intersection"": 358.2556174694699, ""direction"": ""west"", ""destination"": ""F""}, {""vehicle_id"": ""V7938"", ""lane"": ""8"", ""speed"": 68.89370304087211, ""distance_to_intersection"": 392.13702248108353, ""direction"": ""west"", ""destination"": ""C""}]}",yes,1,['intersection'],"[{'vehicle1_id': 'V2878', 'vehicle2_id': 'V1816'}]",['Potential conflict: Vehicle V1816 must yield to Vehicle V2878'],"{'V2878': 1, 'V1816': 2, 'V9592': None, 'V8609': None, 'V7938': None}","{'V2878': 0, 'V1816': 1, 'V9592': 0, 'V8609': 0, 'V7938': 0}"
"{""vehicles_scenario"": [{""vehicle_id"": ""V8390"", ""lane"": ""6"", ""speed"": 73.71548482264684, ""distance_to_intersection"": 242.26790521739323, ""direction"": ""south"", ""destination"": ""A""}, {""vehicle_id"": ""V3317"", ""lane"": ""1"", ""speed"": 47.75084133034028, ""distance_to_intersection"": 99.03652317234275, ""direction"": ""north"", ""destination"": ""H""}, {""vehicle_id"": ""V7313"", ""lane"": ""6"", ""speed"": 45.45221564481358, ""distance_to_intersection"": 331.09760187818927, ""direction"": ""south"", ""destination"": ""A""}, {""vehicle_id"": ""V8868"", ""lane"": ""4"", ""speed"": 74.45495348220658, ""distance_to_intersection"": 476.7596980970573, ""direction"": ""east"", ""destination"": ""G""}, {""vehicle_id"": ""V5032"", ""lane"": ""4"", ""speed"": 33.233494112357874, ""distance_to_intersection"": 341.0997208861238, ""direction"": ""east"", ""destination"": ""G""}]}",yes,1,['intersection'],"[{'vehicle1_id': 'V7313', 'vehicle2_id': 'V8868'}]",['Potential conflict: Vehicle V7313 must yield to Vehicle V8868'],"{'V8868': 1, 'V7313': 2, 'V8390': None, 'V3317': None, 'V5032': None}","{'V8868': 0, 'V7313': 0, 'V8390': 0, 'V3317': 0, 'V5032': 0}"
"{""vehicles_scenario"": [{""vehicle_id"": ""V1836"", ""lane"": ""7"", ""speed"": 50.21325599430505, ""distance_to_intersection"": 81.13173743260229, ""direction"": ""west"", ""destination"": ""D""}, {""vehicle_id"": ""V1573"", ""lane"": ""3"", ""speed"": 72.25349209976997, ""distance_to_intersection"": 331.8821992332714, ""direction"": ""east"", ""destination"": ""H""}]}",no,0,[],[],[],"{'V1836': None, 'V1573': None}","{'V1836': 0, 'V1573': 0}"
"{""vehicles_scenario"": [{""vehicle_id"": ""V2167"", ""lane"": ""3"", ""speed"": 65.70455432833762, ""distance_to_intersection"": 414.65007878759104, ""direction"": ""east"", ""destination"": ""H""}, {""vehicle_id"": ""V6441"", ""lane"": ""2"", ""speed"": 79.69652948538976, ""distance_to_intersection"": 75.78230639852659, ""direction"": ""north"", ""destination"": ""C""}, {""vehicle_id"": ""V4187"", ""lane"": ""7"", ""speed"": 68.22995579950774, ""distance_to_intersection"": 387.6968444831475, ""direction"": ""west"", ""destination"": ""D""}]}",no,0,[],[],[],"{'V2167': None, 'V6441': None, 'V4187': None}","{'V2167': 0, 'V6441': 0, 'V4187': 0}"
"{""vehicles_scenario"": [{""vehicle_id"": ""V8078"", ""lane"": ""3"", ""speed"": 77.79356708471823, ""distance_to_intersection"": 452.0128263574016, ""direction"": ""east"", ""destination"": ""B""}, {""vehicle_id"": ""V3972"", ""lane"": ""2"", ""speed"": 35.149445475730154, ""distance_to_intersection"": 244.1328212456969, ""direction"": ""north"", ""destination"": ""C""}, {""vehicle_id"": ""V1943"", ""lane"": ""6"", ""speed"": 79.24013340466843, ""distance_to_intersection"": 260.1736252554631, ""direction"": ""south"", ""destination"": ""H""}, {""vehicle_id"": ""V1363"", ""lane"": ""5"", ""speed"": 54.26576842816723, ""distance_to_intersection"": 403.2070675456899, ""direction"": ""south"", ""destination"": ""D""}]}",yes,1,['intersection'],"[{'vehicle1_id': 'V3972', 'vehicle2_id': 'V1363'}]",['Potential conflict: Vehicle V1363 must yield to Vehicle V3972'],"{'V3972': 1, 'V1363': 2, 'V8078': None, 'V1943': None}","{'V3972': 0, 'V1363': 1, 'V8078': 0, 'V1943': 0}"
"{""vehicles_scenario"": [{""vehicle_id"": ""V1842"", ""lane"": ""1"", ""speed"": 45.43113030783097, ""distance_to_intersection"": 463.9678441017252, ""direction"": ""north"", ""destination"": ""F""}, {""vehicle_id"": ""V4828"", ""lane"": ""6"", ""speed"": 52.72993182797749, ""distance_to_intersection"": 169.88742721331113, ""direction"": ""south"", ""destination"": ""A""}]}",no,0,[],[],[],"{'V1842': None, 'V4828': None}","{'V1842': 0, 'V4828': 0}"
"{""vehicles_scenario"": [{""vehicle_id"": ""V1937"", ""lane"": ""7"", ""speed"": 77.8355033425361, ""distance_to_intersection"": 227.70204798286267, ""direction"": ""west"", ""destination"": ""F""}, {""vehicle_id"": ""V4663"", ""lane"": ""8"", ""speed"": 54.41436605209582, ""distance_to_intersection"": 456.1055796337119, ""direction"": ""west"", ""destination"": ""C""}, {""vehicle_id"": ""V5873"", ""lane"": ""5"", ""speed"": 70.2907233588594, ""distance_to_intersection"": 495.41968306329574, ""direction"": ""south"", ""destination"": ""B""}]}",no,0,[],[],[],"{'V1937': None, 'V4663': None, 'V5873': None}","{'V1937': 0, 'V4663': 0, 'V5873': 0}"
"{""vehicles_scenario"": [{""vehicle_id"": ""V8017"", ""lane"": ""8"", ""speed"": 69.3937777537588, ""distance_to_intersection"": 489.80704016588845, ""direction"": ""west"", ""destination"": ""B""}, {""vehicle_id"": ""V2819"", ""lane"": ""8"", ""speed"": 69.16852992363165, ""distance_to_intersection"": 263.20706417092333, ""direction"": ""west"", ""destination"": ""C""}, {""vehicle_id"": ""V8027"", ""lane"": ""6"", ""speed"": 45.09773107256336, ""distance_to_intersection"": 232.5479714634768, ""direction"": ""south"", ""destination"": ""H""}, {""vehicle_id"": ""V1162"", ""lane"": ""8"", ""speed"": 39.62913123772456, ""distance_to_intersection"": 396.10822891994275, ""direction"": ""west"", ""destination"": ""C""}, {""vehicle_id"": ""V1721"", ""lane"": ""5"", ""speed"": 69.25764613446286, ""distance_to_intersection"": 238.8527457211864, ""direction"": ""south"", ""destination"": ""D""}]}",yes,1,['intersection'],"[{'vehicle1_id': 'V2819', 'vehicle2_id': 'V1721'}]",['Potential conflict: Vehicle V2819 must yield to Vehicle V1721'],"{'V1721': 1, 'V2819': 2, 'V8017': None, 'V8027': None, 'V1162': None}","{'V1721': 0, 'V2819': 1, 'V8017': 0, 'V8027': 0, 'V1162': 0}"
"{""vehicles_scenario"": [{""vehicle_id"": ""V7877"", ""lane"": ""3"", ""speed"": 27.010145455021863, ""distance_to_intersection"": 131.67907974319976, ""direction"": ""east"", ""destination"": ""B""}, {""vehicle_id"": ""V3920"", ""lane"": ""5"", ""speed"": 74.65747983125719, ""distance_to_intersection"": 260.41428890944644, ""direction"": ""south"", ""destination"": ""D""}, {""vehicle_id"": ""V8141"", ""lane"": ""2"", ""speed"": 65.05355120306211, ""distance_to_intersection"": 352.47179719432, ""direction"": ""north"", ""destination"": ""E""}]}",yes,1,['intersection'],"[{'vehicle1_id': 'V7877', 'vehicle2_id': 'V8141'}]",['Potential conflict: Vehicle V8141 must yield to Vehicle V7877'],"{'V7877': 1, 'V8141': 2, 'V3920': None}","{'V7877': 0, 'V8141': 1, 'V3920': 0}"
"{""vehicles_scenario"": [{""vehicle_id"": ""V8294"", ""lane"": ""1"", ""speed"": 32.28822282984093, ""distance_to_intersection"": 101.69128210132011, ""direction"": ""north"", ""destination"": ""H""}, {""vehicle_id"": ""V2058"", ""lane"": ""4"", ""speed"": 76.54679169365711, ""distance_to_intersection"": 405.2141722827587, ""direction"": ""east"", ""destination"": ""G""}, {""vehicle_id"": ""V9171"", ""lane"": ""1"", ""speed"": 55.181754737066875, ""distance_to_intersection"": 384.79784100110055, ""direction"": ""north"", ""destination"": ""H""}]}",no,0,[],[],[],"{'V8294': None, 'V2058': None, 'V9171': None}","{'V8294': 0, 'V2058': 0, 'V9171': 0}"
"{""vehicles_scenario"": [{""vehicle_id"": ""V7966"", ""lane"": ""2"", ""speed"": 32.35458446965548, ""distance_to_intersection"": 293.810646819112, ""direction"": ""north"", ""destination"": ""D""}, {""vehicle_id"": ""V6353"", ""lane"": ""4"", ""speed"": 71.64101614301975, ""distance_to_intersection"": 74.35289131129039, ""direction"": ""east"", ""destination"": ""G""}, {""vehicle_id"": ""V6406"", ""lane"": ""7"", ""speed"": 55.21091914165533, ""distance_to_intersection"": 355.0195214096617, ""direction"": ""west"", ""destination"": ""F""}, {""vehicle_id"": ""V3859"", ""lane"": ""3"", ""speed"": 78.3592239051842, ""distance_to_intersection"": 225.4876406598218, ""direction"": ""east"", ""destination"": ""B""}]}",no,0,[],[],[],"{'V7966': None, 'V6353': None, 'V6406': None, 'V3859': None}","{'V7966': 0, 'V6353': 0, 'V6406': 0, 'V3859': 0}"
"{""vehicles_scenario"": [{""vehicle_id"": ""V5083"", ""lane"": ""5"", ""speed"": 22.190510335380885, ""distance_to_intersection"": 427.45083969628325, ""direction"": ""south"", ""destination"": ""D""}, {""vehicle_id"": ""V5693"", ""lane"": ""5"", ""speed"": 50.669771134693434, ""distance_to_intersection"": 298.89589544771, ""direction"": ""south"", ""destination"": ""D""}]}",no,0,[],[],[],"{'V5083': None, 'V5693': None}","{'V5083': 0, 'V5693': 0}"
"{""vehicles_scenario"": [{""vehicle_id"": ""V9922"", ""lane"": ""4"", ""speed"": 22.836121765385617, ""distance_to_intersection"": 448.0992539093962, ""direction"": ""east"", ""destination"": ""G""}, {""vehicle_id"": ""V5317"", ""lane"": ""8"", ""speed"": 26.738623531515284, ""distance_to_intersection"": 149.8861293895213, ""direction"": ""west"", ""destination"": ""B""}, {""vehicle_id"": ""V3218"", ""lane"": ""3"", ""speed"": 61.725100068666556, ""distance_to_intersection"": 425.9223343142106, ""direction"": ""east"", ""destination"": ""H""}, {""vehicle_id"": ""V1127"", ""lane"": ""1"", ""speed"": 71.64751595331995, ""distance_to_intersection"": 76.43204493242663, ""direction"": ""north"", ""destination"": ""F""}]}",no,0,[],[],[],"{'V9922': None, 'V5317': None, 'V3218': None, 'V1127': None}","{'V9922': 0, 'V5317': 0, 'V3218': 0, 'V1127': 0}"
"{""vehicles_scenario"": [{""vehicle_id"": ""V4938"", ""lane"": ""1"", ""speed"": 31.006312482607637, ""distance_to_intersection"": 317.8348845781513, ""direction"": ""north"", ""destination"": ""F""}, {""vehicle_id"": ""V3076"", ""lane"": ""5"", ""speed"": 74.33019006491392, ""distance_to_intersection"": 174.92544458547786, ""direction"": ""south"", ""destination"": ""D""}]}",no,0,[],[],[],"{'V4938': None, 'V3076': None}","{'V4938': 0, 'V3076': 0}"
"{""vehicles_scenario"": [{""vehicle_id"": ""V4104"", ""lane"": ""4"", ""speed"": 31.899021791041598, ""distance_to_intersection"": 134.68177013413836, ""direction"": ""east"", ""destination"": ""F""}, {""vehicle_id"": ""V2361"", ""lane"": ""7"", ""speed"": 44.63341113442993, ""distance_to_intersection"": 192.60850391818025, ""direction"": ""west"", ""destination"": ""F""}, {""vehicle_id"": ""V6869"", ""lane"": ""5"", ""speed"": 66.34234952758644, ""distance_to_intersection"": 193.67614716187444, ""direction"": ""south"", ""destination"": ""D""}, {""vehicle_id"": ""V3837"", ""lane"": ""4"", ""speed"": 35.88046986399906, ""distance_to_intersection"": 246.75354802788613, ""direction"": ""east"", ""destination"": ""F""}]}",yes,1,['intersection'],"[{'vehicle1_id': 'V4104', 'vehicle2_id': 'V2361'}]",['Potential conflict: Vehicle V4104 must yield to Vehicle V2361'],"{'V4104': 1, 'V2361': 2, 'V6869': None, 'V3837': None}","{'V4104': 0, 'V2361': 2, 'V6869': 0, 'V3837': 0}"
"{""vehicles_scenario"": [{""vehicle_id"": ""V6972"", ""lane"": ""3"", ""speed"": 76.42204816488338, ""distance_to_intersection"": 248.57690181920955, ""direction"": ""east"", ""destination"": ""H""}, {""vehicle_id"": ""V8189"", ""lane"": ""6"", ""speed"": 39.87219206155771, ""distance_to_intersection"": 294.1786021231736, ""direction"": ""south"", ""destination"": ""A""}, {""vehicle_id"": ""V1277"", ""lane"": ""8"", ""speed"": 49.85493132784989, ""distance_to_intersection"": 162.17323486519257, ""direction"": ""west"", ""destination"": ""C""}, {""vehicle_id"": ""V4664"", ""lane"": ""2"", ""speed"": 21.572471045713435, ""distance_to_intersection"": 290.28148015724753, ""direction"": ""north"", ""destination"": ""C""}]}",yes,1,['intersection'],"[{'vehicle1_id': 'V6972', 'vehicle2_id': 'V1277'}]",['Potential conflict: Vehicle V1277 must yield to Vehicle V6972'],"{'V6972': 1, 'V1277': 2, 'V8189': None, 'V4664': None}","{'V6972': 0, 'V1277': 2, 'V8189': 0, 'V4664': 0}"
"{""vehicles_scenario"": [{""vehicle_id"": ""V6230"", ""lane"": ""3"", ""speed"": 58.946251840849285, ""distance_to_intersection"": 452.6462127986257, ""direction"": ""east"", ""destination"": ""H""}, {""vehicle_id"": ""V4730"", ""lane"": ""6"", ""speed"": 41.74709445328087, ""distance_to_intersection"": 50.29057862349892, ""direction"": ""south"", ""destination"": ""A""}]}",no,0,[],[],[],"{'V6230': None, 'V4730': None}","{'V6230': 0, 'V4730': 0}"
"{""vehicles_scenario"": [{""vehicle_id"": ""V5385"", ""lane"": ""6"", ""speed"": 52.383570153385406, ""distance_to_intersection"": 75.14857530316289, ""direction"": ""south"", ""destination"": ""G""}, {""vehicle_id"": ""V2008"", ""lane"": ""2"", ""speed"": 67.76350856289173, ""distance_to_intersection"": 61.462082334153244, ""direction"": ""north"", ""destination"": ""D""}, {""vehicle_id"": ""V6391"", ""lane"": ""4"", ""speed"": 57.01792401028003, ""distance_to_intersection"": 50.3219194478624, ""direction"": ""east"", ""destination"": ""G""}, {""vehicle_id"": ""V6405"", ""lane"": ""7"", ""speed"": 53.868166870315974, ""distance_to_intersection"": 278.96726230497336, ""direction"": ""west"", ""destination"": ""D""}]}",yes,2,"['intersection', 'intersection']","[{'vehicle1_id': 'V5385', 'vehicle2_id': 'V6391'}, {'vehicle1_id': 'V2008', 'vehicle2_id': 'V6391'}]","['Potential conflict: Vehicle V5385 must yield to Vehicle V6391', 'Potential conflict: Vehicle V2008 must yield to Vehicle V6391']","{'V6391': 1, 'V2008': 2, 'V5385': 3, 'V6405': None}","{'V6391': 0, 'V2008': 2, 'V5385': 3, 'V6405': 0}"
"{""vehicles_scenario"": [{""vehicle_id"": ""V8631"", ""lane"": ""3"", ""speed"": 59.55051230682995, ""distance_to_intersection"": 491.1982705972874, ""direction"": ""east"", ""destination"": ""H""}, {""vehicle_id"": ""V3207"", ""lane"": ""1"", ""speed"": 28.11101121129328, ""distance_to_intersection"": 153.55882808740563, ""direction"": ""north"", ""destination"": ""F""}, {""vehicle_id"": ""V1968"", ""lane"": ""1"", ""speed"": 38.67267829755869, ""distance_to_intersection"": 350.03835122799654, ""direction"": ""north"", ""destination"": ""F""}, {""vehicle_id"": ""V3986"", ""lane"": ""8"", ""speed"": 24.42300032329875, ""distance_to_intersection"": 452.49049804851745, ""direction"": ""west"", ""destination"": ""C""}, {""vehicle_id"": ""V9459"", ""lane"": ""3"", ""speed"": 48.16447130422903, ""distance_to_intersection"": 133.23826832813177, ""direction"": ""east"", ""destination"": ""B""}]}",no,0,[],[],[],"{'V8631': None, 'V3207': None, 'V1968': None, 'V3986': None, 'V9459': None}","{'V8631': 0, 'V3207': 0, 'V1968': 0, 'V3986': 0, 'V9459': 0}"
"{""vehicles_scenario"": [{""vehicle_id"": ""V5073"", ""lane"": ""5"", ""speed"": 30.047569379863816, ""distance_to_intersection"": 199.91815369384958, ""direction"": ""south"", ""destination"": ""D""}, {""vehicle_id"": ""V1724"", ""lane"": ""6"", ""speed"": 23.992115795982862, ""distance_to_intersection"": 180.09757831473763, ""direction"": ""south"", ""destination"": ""G""}, {""vehicle_id"": ""V1206"", ""lane"": ""1"", ""speed"": 46.19975522510351, ""distance_to_intersection"": 256.12495212918725, ""direction"": ""north"", ""destination"": ""H""}, {""vehicle_id"": ""V4446"", ""lane"": ""2"", ""speed"": 38.483072055550814, ""distance_to_intersection"": 284.93823907610727, ""direction"": ""north"", ""destination"": ""E""}]}",yes,1,['intersection'],"[{'vehicle1_id': 'V5073', 'vehicle2_id': 'V4446'}]",['Potential conflict: Vehicle V4446 must yield to Vehicle V5073'],"{'V5073': 1, 'V4446': 2, 'V1724': None, 'V1206': None}","{'V5073': 0, 'V4446': 0, 'V1724': 0, 'V1206': 0}"
"{""vehicles_scenario"": [{""vehicle_id"": ""V6476"", ""lane"": ""8"", ""speed"": 20.915166426115167, ""distance_to_intersection"": 270.18422488157944, ""direction"": ""west"", ""destination"": ""C""}, {""vehicle_id"": ""V3644"", ""lane"": ""2"", ""speed"": 39.24483519860495, ""distance_to_intersection"": 80.09331529753683, ""direction"": ""north"", ""destination"": ""D""}, {""vehicle_id"": ""V4113"", ""lane"": ""4"", ""speed"": 68.10356971549164, ""distance_to_intersection"": 62.173449891607234, ""direction"": ""east"", ""destination"": ""G""}, {""vehicle_id"": ""V1368"", ""lane"": ""3"", ""speed"": 44.71832554908668, ""distance_to_intersection"": 344.7205800949283, ""direction"": ""east"", ""destination"": ""H""}, {""vehicle_id"": ""V5137"", ""lane"": ""5"", ""speed"": 20.438401116265794, ""distance_to_intersection"": 485.66960149115545, ""direction"": ""south"", ""destination"": ""B""}]}",no,0,[],[],[],"{'V6476': None, 'V3644': None, 'V4113': None, 'V1368': None, 'V5137': None}","{'V6476': 0, 'V3644': 0, 'V4113': 0, 'V1368': 0, 'V5137': 0}"
"{""vehicles_scenario"": [{""vehicle_id"": ""V9298"", ""lane"": ""6"", ""speed"": 36.69534272074637, ""distance_to_intersection"": 354.6333369580892, ""direction"": ""south"", ""destination"": ""G""}, {""vehicle_id"": ""V7059"", ""lane"": ""3"", ""speed"": 74.1545741030757, ""distance_to_intersection"": 60.8854896624555, ""direction"": ""east"", ""destination"": ""H""}, {""vehicle_id"": ""V6565"", ""lane"": ""2"", ""speed"": 44.361316459652926, ""distance_to_intersection"": 254.78653790096968, ""direction"": ""north"", ""destination"": ""C""}, {""vehicle_id"": ""V3343"", ""lane"": ""1"", ""speed"": 73.60540003221986, ""distance_to_intersection"": 418.208180899155, ""direction"": ""north"", ""destination"": ""F""}]}",no,0,[],[],[],"{'V9298': None, 'V7059': None, 'V6565': None, 'V3343': None}","{'V9298': 0, 'V7059': 0, 'V6565': 0, 'V3343': 0}"
"{""vehicles_scenario"": [{""vehicle_id"": ""V4144"", ""lane"": ""8"", ""speed"": 50.804718231371574, ""distance_to_intersection"": 496.20450091518046, ""direction"": ""west"", ""destination"": ""B""}, {""vehicle_id"": ""V7866"", ""lane"": ""2"", ""speed"": 42.46640926112633, ""distance_to_intersection"": 167.91277521495073, ""direction"": ""north"", ""destination"": ""E""}, {""vehicle_id"": ""V1111"", ""lane"": ""7"", ""speed"": 29.047411772768573, ""distance_to_intersection"": 386.34650491744594, ""direction"": ""west"", ""destination"": ""D""}, {""vehicle_id"": ""V5002"", ""lane"": ""7"", ""speed"": 22.216999991445345, ""distance_to_intersection"": 486.97744591539936, ""direction"": ""west"", ""destination"": ""F""}, {""vehicle_id"": ""V8337"", ""lane"": ""5"", ""speed"": 69.00408832474987, ""distance_to_intersection"": 184.40505845483256, ""direction"": ""south"", ""destination"": ""B""}]}",no,0,[],[],[],"{'V4144': None, 'V7866': None, 'V1111': None, 'V5002': None, 'V8337': None}","{'V4144': 0, 'V7866': 0, 'V1111': 0, 'V5002': 0, 'V8337': 0}"
"{""vehicles_scenario"": [{""vehicle_id"": ""V7868"", ""lane"": ""4"", ""speed"": 50.84201619081362, ""distance_to_intersection"": 128.99043982850026, ""direction"": ""east"", ""destination"": ""G""}, {""vehicle_id"": ""V6803"", ""lane"": ""2"", ""speed"": 33.4246562190077, ""distance_to_intersection"": 81.15142927382843, ""direction"": ""north"", ""destination"": ""C""}, {""vehicle_id"": ""V9066"", ""lane"": ""5"", ""speed"": 68.80475031426256, ""distance_to_intersection"": 150.95655901870583, ""direction"": ""south"", ""destination"": ""D""}]}",yes,3,"['intersection', 'intersection', 'intersection']","[{'vehicle1_id': 'V7868', 'vehicle2_id': 'V6803'}, {'vehicle1_id': 'V7868', 'vehicle2_id': 'V9066'}, {'vehicle1_id': 'V6803', 'vehicle2_id': 'V9066'}]","['Potential conflict: Vehicle V6803 must yield to Vehicle V7868', 'Potential conflict: Vehicle V7868 must yield to Vehicle V9066', 'Potential conflict: Vehicle V6803 must yield to Vehicle V9066']","{'V9066': 1, 'V6803': 2, 'V7868': 3}","{'V9066': 0, 'V6803': 2, 'V7868': 3}"
"{""vehicles_scenario"": [{""vehicle_id"": ""V4753"", ""lane"": ""2"", ""speed"": 72.07722327147509, ""distance_to_intersection"": 142.70684437985926, ""direction"": ""north"", ""destination"": ""D""}, {""vehicle_id"": ""V4656"", ""lane"": ""5"", ""speed"": 32.07721554425023, ""distance_to_intersection"": 298.3454536557455, ""direction"": ""south"", ""destination"": ""B""}]}",no,0,[],[],[],"{'V4753': None, 'V4656': None}","{'V4753': 0, 'V4656': 0}"
"{""vehicles_scenario"": [{""vehicle_id"": ""V3057"", ""lane"": ""6"", ""speed"": 24.203431758596945, ""distance_to_intersection"": 92.38242845376624, ""direction"": ""south"", ""destination"": ""H""}, {""vehicle_id"": ""V2154"", ""lane"": ""5"", ""speed"": 36.56182027770474, ""distance_to_intersection"": 498.64481280496364, ""direction"": ""south"", ""destination"": ""D""}, {""vehicle_id"": ""V7962"", ""lane"": ""4"", ""speed"": 75.94402688218452, ""distance_to_intersection"": 231.4143086031599, ""direction"": ""east"", ""destination"": ""G""}]}",yes,1,['intersection'],"[{'vehicle1_id': 'V3057', 'vehicle2_id': 'V7962'}]",['Potential conflict: Vehicle V3057 must yield to Vehicle V7962'],"{'V7962': 1, 'V3057': 2, 'V2154': None}","{'V7962': 0, 'V3057': 0, 'V2154': 0}"
"{""vehicles_scenario"": [{""vehicle_id"": ""V1344"", ""lane"": ""7"", ""speed"": 74.17896565983023, ""distance_to_intersection"": 154.44482659135045, ""direction"": ""west"", ""destination"": ""F""}, {""vehicle_id"": ""V3582"", ""lane"": ""3"", ""speed"": 57.34290097523419, ""distance_to_intersection"": 146.7328004535865, ""direction"": ""east"", ""destination"": ""H""}, {""vehicle_id"": ""V3476"", ""lane"": ""3"", ""speed"": 40.88182012039765, ""distance_to_intersection"": 282.68160543976387, ""direction"": ""east"", ""destination"": ""B""}, {""vehicle_id"": ""V5817"", ""lane"": ""2"", ""speed"": 76.41181504370353, ""distance_to_intersection"": 425.42897380820733, ""direction"": ""north"", ""destination"": ""C""}]}",no,0,[],[],[],"{'V1344': None, 'V3582': None, 'V3476': None, 'V5817': None}","{'V1344': 0, 'V3582': 0, 'V3476': 0, 'V5817': 0}"
"{""vehicles_scenario"": [{""vehicle_id"": ""V9402"", ""lane"": ""5"", ""speed"": 66.64645868847731, ""distance_to_intersection"": 198.82187162358994, ""direction"": ""south"", ""destination"": ""D""}, {""vehicle_id"": ""V1266"", ""lane"": ""7"", ""speed"": 50.11462922311376, ""distance_to_intersection"": 80.46418109600408, ""direction"": ""west"", ""destination"": ""D""}, {""vehicle_id"": ""V5312"", ""lane"": ""2"", ""speed"": 46.616166594959715, ""distance_to_intersection"": 152.59142015781913, ""direction"": ""north"", ""destination"": ""D""}]}",yes,1,['intersection'],"[{'vehicle1_id': 'V9402', 'vehicle2_id': 'V5312'}]",['Potential conflict: Vehicle V5312 must yield to Vehicle V9402'],"{'V9402': 1, 'V5312': 2, 'V1266': None}","{'V9402': 0, 'V5312': 1, 'V1266': 0}"
"{""vehicles_scenario"": [{""vehicle_id"": ""V4400"", ""lane"": ""1"", ""speed"": 50.350936866403096, ""distance_to_intersection"": 61.71955884635457, ""direction"": ""north"", ""destination"": ""H""}, {""vehicle_id"": ""V8064"", ""lane"": ""3"", ""speed"": 50.592034066592284, ""distance_to_intersection"": 427.48011192769366, ""direction"": ""east"", ""destination"": ""B""}, {""vehicle_id"": ""V6588"", ""lane"": ""4"", ""speed"": 23.84400160831595, ""distance_to_intersection"": 249.9527425571129, ""direction"": ""east"", ""destination"": ""F""}, {""vehicle_id"": ""V2418"", ""lane"": ""8"", ""speed"": 39.468092034342945, ""distance_to_intersection"": 494.06238567853063, ""direction"": ""west"", ""destination"": ""A""}]}",no,0,[],[],[],"{'V4400': None, 'V8064': None, 'V6588': None, 'V2418': None}","{'V4400': 0, 'V8064': 0, 'V6588': 0, 'V2418': 0}"
"{""vehicles_scenario"": [{""vehicle_id"": ""V6307"", ""lane"": ""6"", ""speed"": 65.29742663374958, ""distance_to_intersection"": 83.7095229741629, ""direction"": ""south"", ""destination"": ""G""}, {""vehicle_id"": ""V2291"", ""lane"": ""6"", ""speed"": 22.958272891789147, ""distance_to_intersection"": 258.4356951079154, ""direction"": ""south"", ""destination"": ""A""}, {""vehicle_id"": ""V7806"", ""lane"": ""5"", ""speed"": 79.22432945131087, ""distance_to_intersection"": 400.8412498660229, ""direction"": ""south"", ""destination"": ""D""}]}",no,0,[],[],[],"{'V6307': None, 'V2291': None, 'V7806': None}","{'V6307': 0, 'V2291': 0, 'V7806': 0}"
"{""vehicles_scenario"": [{""vehicle_id"": ""V2170"", ""lane"": ""7"", ""speed"": 22.040457462734956, ""distance_to_intersection"": 403.3258783304184, ""direction"": ""west"", ""destination"": ""D""}, {""vehicle_id"": ""V1295"", ""lane"": ""5"", ""speed"": 49.84930442553521, ""distance_to_intersection"": 426.4843859031056, ""direction"": ""south"", ""destination"": ""B""}]}",no,0,[],[],[],"{'V2170': None, 'V1295': None}","{'V2170': 0, 'V1295': 0}"
"{""vehicles_scenario"": [{""vehicle_id"": ""V7830"", ""lane"": ""8"", ""speed"": 57.81687986931749, ""distance_to_intersection"": 473.7399570608565, ""direction"": ""west"", ""destination"": ""B""}, {""vehicle_id"": ""V6430"", ""lane"": ""1"", ""speed"": 57.9153882152782, ""distance_to_intersection"": 271.0625966139211, ""direction"": ""north"", ""destination"": ""H""}, {""vehicle_id"": ""V5281"", ""lane"": ""8"", ""speed"": 71.829738982707, ""distance_to_intersection"": 227.57531889327225, ""direction"": ""west"", ""destination"": ""A""}]}",no,0,[],[],[],"{'V7830': None, 'V6430': None, 'V5281': None}","{'V7830': 0, 'V6430': 0, 'V5281': 0}"
"{""vehicles_scenario"": [{""vehicle_id"": ""V5333"", ""lane"": ""3"", ""speed"": 57.867663870268814, ""distance_to_intersection"": 451.1180379724091, ""direction"": ""east"", ""destination"": ""H""}, {""vehicle_id"": ""V9865"", ""lane"": ""5"", ""speed"": 38.59991258763863, ""distance_to_intersection"": 412.57853710177324, ""direction"": ""south"", ""destination"": ""B""}, {""vehicle_id"": ""V9182"", ""lane"": ""5"", ""speed"": 34.985379366948244, ""distance_to_intersection"": 189.6883329235594, ""direction"": ""south"", ""destination"": ""B""}, {""vehicle_id"": ""V6659"", ""lane"": ""2"", ""speed"": 78.36475632942464, ""distance_to_intersection"": 332.9423098095301, ""direction"": ""north"", ""destination"": ""C""}, {""vehicle_id"": ""V9641"", ""lane"": ""1"", ""speed"": 20.632972834396803, ""distance_to_intersection"": 141.9171284787608, ""direction"": ""north"", ""destination"": ""F""}]}",no,0,[],[],[],"{'V5333': None, 'V9865': None, 'V9182': None, 'V6659': None, 'V9641': None}","{'V5333': 0, 'V9865': 0, 'V9182': 0, 'V6659': 0, 'V9641': 0}"
"{""vehicles_scenario"": [{""vehicle_id"": ""V5434"", ""lane"": ""6"", ""speed"": 43.88681913677414, ""distance_to_intersection"": 86.00207796898836, ""direction"": ""south"", ""destination"": ""H""}, {""vehicle_id"": ""V1186"", ""lane"": ""2"", ""speed"": 26.530257641273256, ""distance_to_intersection"": 414.0599607049637, ""direction"": ""north"", ""destination"": ""E""}, {""vehicle_id"": ""V9869"", ""lane"": ""6"", ""speed"": 68.6683371202273, ""distance_to_intersection"": 402.0646689572822, ""direction"": ""south"", ""destination"": ""A""}, {""vehicle_id"": ""V3805"", ""lane"": ""4"", ""speed"": 55.63991993170968, ""distance_to_intersection"": 96.30884679739967, ""direction"": ""east"", ""destination"": ""G""}, {""vehicle_id"": ""V5885"", ""lane"": ""5"", ""speed"": 34.760820401962874, ""distance_to_intersection"": 238.4649070781591, ""direction"": ""south"", ""destination"": ""D""}]}",yes,1,['intersection'],"[{'vehicle1_id': 'V5434', 'vehicle2_id': 'V3805'}]",['Potential conflict: Vehicle V3805 must yield to Vehicle V5434'],"{'V3805': 1, 'V5434': 2, 'V1186': None, 'V9869': None, 'V5885': None}","{'V3805': 0, 'V5434': 2, 'V1186': 0, 'V9869': 0, 'V5885': 0}"
"{""vehicles_scenario"": [{""vehicle_id"": ""V2998"", ""lane"": ""8"", ""speed"": 32.0716519280942, ""distance_to_intersection"": 68.4925144234801, ""direction"": ""west"", ""destination"": ""A""}, {""vehicle_id"": ""V9877"", ""lane"": ""5"", ""speed"": 60.523533571819314, ""distance_to_intersection"": 475.94748171930104, ""direction"": ""south"", ""destination"": ""D""}, {""vehicle_id"": ""V5340"", ""lane"": ""7"", ""speed"": 40.14287149535687, ""distance_to_intersection"": 183.282306063754, ""direction"": ""west"", ""destination"": ""F""}, {""vehicle_id"": ""V7688"", ""lane"": ""6"", ""speed"": 64.28801182548177, ""distance_to_intersection"": 153.9313431956504, ""direction"": ""south"", ""destination"": ""H""}, {""vehicle_id"": ""V7952"", ""lane"": ""7"", ""speed"": 23.907504198915415, ""distance_to_intersection"": 218.49759131334363, ""direction"": ""west"", ""destination"": ""D""}]}",yes,1,['intersection'],"[{'vehicle1_id': 'V2998', 'vehicle2_id': 'V7688'}]",['Potential conflict: Vehicle V7688 must yield to Vehicle V2998'],"{'V2998': 1, 'V7688': 2, 'V9877': None, 'V5340': None, 'V7952': None}","{'V2998': 0, 'V7688': 2, 'V9877': 0, 'V5340': 0, 'V7952': 0}"
"{""vehicles_scenario"": [{""vehicle_id"": ""V6857"", ""lane"": ""6"", ""speed"": 60.77568801620308, ""distance_to_intersection"": 291.50108037876794, ""direction"": ""south"", ""destination"": ""H""}, {""vehicle_id"": ""V2268"", ""lane"": ""4"", ""speed"": 40.79696262091463, ""distance_to_intersection"": 172.45979713193753, ""direction"": ""east"", ""destination"": ""E""}, {""vehicle_id"": ""V2559"", ""lane"": ""1"", ""speed"": 67.86371373676488, ""distance_to_intersection"": 461.4542487293931, ""direction"": ""north"", ""destination"": ""H""}, {""vehicle_id"": ""V5374"", ""lane"": ""8"", ""speed"": 38.80405672441468, ""distance_to_intersection"": 378.40725332092484, ""direction"": ""west"", ""destination"": ""C""}]}",yes,1,['intersection'],"[{'vehicle1_id': 'V6857', 'vehicle2_id': 'V2268'}]",['Potential conflict: Vehicle V6857 must yield to Vehicle V2268'],"{'V2268': 1, 'V6857': 2, 'V2559': None, 'V5374': None}","{'V2268': 0, 'V6857': 0, 'V2559': 0, 'V5374': 0}"
"{""vehicles_scenario"": [{""vehicle_id"": ""V7809"", ""lane"": ""5"", ""speed"": 39.44051517211958, ""distance_to_intersection"": 287.8216945406117, ""direction"": ""south"", ""destination"": ""B""}, {""vehicle_id"": ""V5776"", ""lane"": ""1"", ""speed"": 39.257428043443355, ""distance_to_intersection"": 273.14562678538437, ""direction"": ""north"", ""destination"": ""F""}, {""vehicle_id"": ""V9026"", ""lane"": ""2"", ""speed"": 52.564215897585015, ""distance_to_intersection"": 364.38248991690267, ""direction"": ""north"", ""destination"": ""D""}, {""vehicle_id"": ""V7134"", ""lane"": ""4"", ""speed"": 35.48428850602636, ""distance_to_intersection"": 402.59879811651564, ""direction"": ""east"", ""destination"": ""E""}, {""vehicle_id"": ""V9964"", ""lane"": ""1"", ""speed"": 74.19060265286953, ""distance_to_intersection"": 177.98974277941798, ""direction"": ""north"", ""destination"": ""H""}]}",yes,1,['intersection'],"[{'vehicle1_id': 'V7809', 'vehicle2_id': 'V9026'}]",['Potential conflict: Vehicle V7809 must yield to Vehicle V9026'],"{'V9026': 1, 'V7809': 2, 'V5776': None, 'V7134': None, 'V9964': None}","{'V9026': 0, 'V7809': 1, 'V5776': 0, 'V7134': 0, 'V9964': 0}"
"{""vehicles_scenario"": [{""vehicle_id"": ""V9620"", ""lane"": ""2"", ""speed"": 78.36938844963822, ""distance_to_intersection"": 434.75012260561016, ""direction"": ""north"", ""destination"": ""C""}, {""vehicle_id"": ""V2155"", ""lane"": ""2"", ""speed"": 66.85479557206398, ""distance_to_intersection"": 380.5981448051678, ""direction"": ""north"", ""destination"": ""C""}, {""vehicle_id"": ""V2705"", ""lane"": ""7"", ""speed"": 72.44876551294895, ""distance_to_intersection"": 221.92438328404776, ""direction"": ""west"", ""destination"": ""F""}, {""vehicle_id"": ""V5952"", ""lane"": ""5"", ""speed"": 75.40440575305746, ""distance_to_intersection"": 369.0752366491728, ""direction"": ""south"", ""destination"": ""B""}, {""vehicle_id"": ""V6419"", ""lane"": ""8"", ""speed"": 34.356406808111224, ""distance_to_intersection"": 146.9939034529108, ""direction"": ""west"", ""destination"": ""A""}]}",yes,3,"['intersection', 'intersection', 'intersection']","[{'vehicle1_id': 'V9620', 'vehicle2_id': 'V5952'}, {'vehicle1_id': 'V2155', 'vehicle2_id': 'V5952'}, {'vehicle1_id': 'V5952', 'vehicle2_id': 'V6419'}]","['Potential conflict: Vehicle V9620 must yield to Vehicle V5952', 'Potential conflict: Vehicle V2155 must yield to Vehicle V5952', 'Potential conflict: Vehicle V5952 must yield to Vehicle V6419']","{'V6419': 1, 'V5952': 2, 'V9620': 3, 'V2155': 4, 'V2705': None}","{'V6419': 0, 'V5952': 0, 'V9620': 0, 'V2155': 2, 'V2705': 0}"
"{""vehicles_scenario"": [{""vehicle_id"": ""V4299"", ""lane"": ""8"", ""speed"": 51.71482073568065, ""distance_to_intersection"": 162.66493461101985, ""direction"": ""west"", ""destination"": ""A""}, {""vehicle_id"": ""V1187"", ""lane"": ""6"", ""speed"": 48.12573179400894, ""distance_to_intersection"": 253.67571513858934, ""direction"": ""south"", ""destination"": ""H""}, {""vehicle_id"": ""V7840"", ""lane"": ""6"", ""speed"": 75.72346702818584, ""distance_to_intersection"": 475.1763952883685, ""direction"": ""south"", ""destination"": ""G""}, {""vehicle_id"": ""V3789"", ""lane"": ""3"", ""speed"": 73.88419730059317, ""distance_to_intersection"": 491.6510957163302, ""direction"": ""east"", ""destination"": ""H""}, {""vehicle_id"": ""V1558"", ""lane"": ""6"", ""speed"": 79.98370757211457, ""distance_to_intersection"": 420.31989323736957, ""direction"": ""south"", ""destination"": ""A""}]}",yes,1,['intersection'],"[{'vehicle1_id': 'V7840', 'vehicle2_id': 'V3789'}]",['Potential conflict: Vehicle V3789 must yield to Vehicle V7840'],"{'V7840': 1, 'V3789': 2, 'V4299': None, 'V1187': None, 'V1558': None}","{'V7840': 0, 'V3789': 1, 'V4299': 0, 'V1187': 0, 'V1558': 0}"
"{""vehicles_scenario"": [{""vehicle_id"": ""V3759"", ""lane"": ""2"", ""speed"": 65.39649425194037, ""distance_to_intersection"": 309.17324743318517, ""direction"": ""north"", ""destination"": ""E""}, {""vehicle_id"": ""V8329"", ""lane"": ""8"", ""speed"": 65.94881922791905, ""distance_to_intersection"": 139.72730060546172, ""direction"": ""west"", ""destination"": ""C""}, {""vehicle_id"": ""V5788"", ""lane"": ""4"", ""speed"": 43.267269970867474, ""distance_to_intersection"": 184.00145246617913, ""direction"": ""east"", ""destination"": ""F""}]}",yes,1,['intersection'],"[{'vehicle1_id': 'V3759', 'vehicle2_id': 'V5788'}]",['Potential conflict: Vehicle V3759 must yield to Vehicle V5788'],"{'V5788': 1, 'V3759': 2, 'V8329': None}","{'V5788': 0, 'V3759': 1, 'V8329': 0}"
"{""vehicles_scenario"": [{""vehicle_id"": ""V1987"", ""lane"": ""6"", ""speed"": 28.60863369909216, ""distance_to_intersection"": 277.50788658019036, ""direction"": ""south"", ""destination"": ""A""}, {""vehicle_id"": ""V9310"", ""lane"": ""5"", ""speed"": 65.20557307976503, ""distance_to_intersection"": 235.11717109343618, ""direction"": ""south"", ""destination"": ""B""}, {""vehicle_id"": ""V9754"", ""lane"": ""2"", ""speed"": 25.13728167618134, ""distance_to_intersection"": 137.93175770263383, ""direction"": ""north"", ""destination"": ""E""}]}",no,0,[],[],[],"{'V1987': None, 'V9310': None, 'V9754': None}","{'V1987': 0, 'V9310': 0, 'V9754': 0}"
"{""vehicles_scenario"": [{""vehicle_id"": ""V8227"", ""lane"": ""3"", ""speed"": 33.191296245062205, ""distance_to_intersection"": 411.9999178204652, ""direction"": ""east"", ""destination"": ""H""}, {""vehicle_id"": ""V2958"", ""lane"": ""8"", ""speed"": 27.68499095378815, ""distance_to_intersection"": 142.55671050231487, ""direction"": ""west"", ""destination"": ""A""}, {""vehicle_id"": ""V2655"", ""lane"": ""1"", ""speed"": 36.78193818995382, ""distance_to_intersection"": 341.4702522316841, ""direction"": ""north"", ""destination"": ""H""}, {""vehicle_id"": ""V1794"", ""lane"": ""2"", ""speed"": 25.009183451876943, ""distance_to_intersection"": 280.2224799672605, ""direction"": ""north"", ""destination"": ""C""}, {""vehicle_id"": ""V4592"", ""lane"": ""4"", ""speed"": 55.06284359073696, ""distance_to_intersection"": 306.5399721453942, ""direction"": ""east"", ""destination"": ""E""}]}",no,0,[],[],[],"{'V8227': None, 'V2958': None, 'V2655': None, 'V1794': None, 'V4592': None}","{'V8227': 0, 'V2958': 0, 'V2655': 0, 'V1794': 0, 'V4592': 0}"
"{""vehicles_scenario"": [{""vehicle_id"": ""V5033"", ""lane"": ""3"", ""speed"": 46.079453027224055, ""distance_to_intersection"": 163.3502308522466, ""direction"": ""east"", ""destination"": ""H""}, {""vehicle_id"": ""V3631"", ""lane"": ""1"", ""speed"": 76.0601644247163, ""distance_to_intersection"": 369.6236569483707, ""direction"": ""north"", ""destination"": ""H""}]}",no,0,[],[],[],"{'V5033': None, 'V3631': None}","{'V5033': 0, 'V3631': 0}"
"{""vehicles_scenario"": [{""vehicle_id"": ""V8539"", ""lane"": ""5"", ""speed"": 47.377299055627674, ""distance_to_intersection"": 271.6145896027858, ""direction"": ""south"", ""destination"": ""B""}, {""vehicle_id"": ""V2447"", ""lane"": ""5"", ""speed"": 72.50172342059474, ""distance_to_intersection"": 378.19728382000676, ""direction"": ""south"", ""destination"": ""B""}]}",no,0,[],[],[],"{'V8539': None, 'V2447': None}","{'V8539': 0, 'V2447': 0}"
"{""vehicles_scenario"": [{""vehicle_id"": ""V4423"", ""lane"": ""7"", ""speed"": 34.730158521519115, ""distance_to_intersection"": 310.60738568472703, ""direction"": ""west"", ""destination"": ""F""}, {""vehicle_id"": ""V5944"", ""lane"": ""2"", ""speed"": 38.50753221758988, ""distance_to_intersection"": 242.87572859110477, ""direction"": ""north"", ""destination"": ""E""}, {""vehicle_id"": ""V6456"", ""lane"": ""5"", ""speed"": 33.108819815533685, ""distance_to_intersection"": 447.3091242574272, ""direction"": ""south"", ""destination"": ""D""}]}",no,0,[],[],[],"{'V4423': None, 'V5944': None, 'V6456': None}","{'V4423': 0, 'V5944': 0, 'V6456': 0}"
"{""vehicles_scenario"": [{""vehicle_id"": ""V5739"", ""lane"": ""5"", ""speed"": 55.02893878703461, ""distance_to_intersection"": 437.4256117673593, ""direction"": ""south"", ""destination"": ""B""}, {""vehicle_id"": ""V9637"", ""lane"": ""5"", ""speed"": 38.75814493686569, ""distance_to_intersection"": 115.39290053406626, ""direction"": ""south"", ""destination"": ""B""}, {""vehicle_id"": ""V7152"", ""lane"": ""6"", ""speed"": 78.39414391452071, ""distance_to_intersection"": 435.29917597310236, ""direction"": ""south"", ""destination"": ""H""}]}",no,0,[],[],[],"{'V5739': None, 'V9637': None, 'V7152': None}","{'V5739': 0, 'V9637': 0, 'V7152': 0}"
"{""vehicles_scenario"": [{""vehicle_id"": ""V4553"", ""lane"": ""7"", ""speed"": 73.17766359947987, ""distance_to_intersection"": 153.30684687743644, ""direction"": ""west"", ""destination"": ""F""}, {""vehicle_id"": ""V2435"", ""lane"": ""1"", ""speed"": 40.39977215316627, ""distance_to_intersection"": 63.68433737364289, ""direction"": ""north"", ""destination"": ""F""}]}",yes,1,['intersection'],"[{'vehicle1_id': 'V4553', 'vehicle2_id': 'V2435'}]",['Potential conflict: Vehicle V4553 must yield to Vehicle V2435'],"{'V2435': 1, 'V4553': 2}","{'V2435': 0, 'V4553': 1}"
"{""vehicles_scenario"": [{""vehicle_id"": ""V3456"", ""lane"": ""4"", ""speed"": 55.88188577075672, ""distance_to_intersection"": 193.2642962006656, ""direction"": ""east"", ""destination"": ""G""}, {""vehicle_id"": ""V8613"", ""lane"": ""2"", ""speed"": 62.48004378034573, ""distance_to_intersection"": 408.6815432134647, ""direction"": ""north"", ""destination"": ""D""}]}",no,0,[],[],[],"{'V3456': None, 'V8613': None}","{'V3456': 0, 'V8613': 0}"
"{""vehicles_scenario"": [{""vehicle_id"": ""V7211"", ""lane"": ""3"", ""speed"": 35.35952042075839, ""distance_to_intersection"": 253.89935841865392, ""direction"": ""east"", ""destination"": ""H""}, {""vehicle_id"": ""V4897"", ""lane"": ""3"", ""speed"": 44.22988161280321, ""distance_to_intersection"": 243.30304627284173, ""direction"": ""east"", ""destination"": ""B""}]}",no,0,[],[],[],"{'V7211': None, 'V4897': None}","{'V7211': 0, 'V4897': 0}"
"{""vehicles_scenario"": [{""vehicle_id"": ""V7306"", ""lane"": ""3"", ""speed"": 77.99579461185095, ""distance_to_intersection"": 449.36149965113816, ""direction"": ""east"", ""destination"": ""B""}, {""vehicle_id"": ""V4387"", ""lane"": ""6"", ""speed"": 56.197998193214225, ""distance_to_intersection"": 269.42910066686846, ""direction"": ""south"", ""destination"": ""G""}, {""vehicle_id"": ""V5309"", ""lane"": ""6"", ""speed"": 55.42588292769669, ""distance_to_intersection"": 196.2265185559311, ""direction"": ""south"", ""destination"": ""H""}, {""vehicle_id"": ""V7005"", ""lane"": ""2"", ""speed"": 26.00097562551916, ""distance_to_intersection"": 302.80270012065387, ""direction"": ""north"", ""destination"": ""C""}, {""vehicle_id"": ""V1895"", ""lane"": ""8"", ""speed"": 45.39198978162496, ""distance_to_intersection"": 326.5115870218793, ""direction"": ""west"", ""destination"": ""A""}]}",yes,1,['intersection'],"[{'vehicle1_id': 'V7306', 'vehicle2_id': 'V4387'}]",['Potential conflict: Vehicle V7306 must yield to Vehicle V4387'],"{'V4387': 1, 'V7306': 2, 'V5309': None, 'V7005': None, 'V1895': None}","{'V4387': 0, 'V7306': 0, 'V5309': 0, 'V7005': 0, 'V1895': 0}"
"{""vehicles_scenario"": [{""vehicle_id"": ""V5753"", ""lane"": ""6"", ""speed"": 42.43894669177365, ""distance_to_intersection"": 346.64794072161976, ""direction"": ""south"", ""destination"": ""H""}, {""vehicle_id"": ""V2416"", ""lane"": ""6"", ""speed"": 74.79349522978823, ""distance_to_intersection"": 275.54251633651785, ""direction"": ""south"", ""destination"": ""G""}, {""vehicle_id"": ""V4312"", ""lane"": ""2"", ""speed"": 69.9207223152731, ""distance_to_intersection"": 493.1049834425686, ""direction"": ""north"", ""destination"": ""C""}, {""vehicle_id"": ""V7998"", ""lane"": ""1"", ""speed"": 63.78231480501768, ""distance_to_intersection"": 319.9664697932517, ""direction"": ""north"", ""destination"": ""F""}, {""vehicle_id"": ""V5085"", ""lane"": ""1"", ""speed"": 68.48148043168706, ""distance_to_intersection"": 161.16301047865304, ""direction"": ""north"", ""destination"": ""H""}]}",no,0,[],[],[],"{'V5753': None, 'V2416': None, 'V4312': None, 'V7998': None, 'V5085': None}","{'V5753': 0, 'V2416': 0, 'V4312': 0, 'V7998': 0, 'V5085': 0}"
"{""vehicles_scenario"": [{""vehicle_id"": ""V3814"", ""lane"": ""8"", ""speed"": 72.03150344246086, ""distance_to_intersection"": 310.238343203732, ""direction"": ""west"", ""destination"": ""B""}, {""vehicle_id"": ""V8072"", ""lane"": ""4"", ""speed"": 27.501322492558657, ""distance_to_intersection"": 113.68533691380945, ""direction"": ""east"", ""destination"": ""E""}, {""vehicle_id"": ""V6829"", ""lane"": ""6"", ""speed"": 43.071153967163255, ""distance_to_intersection"": 497.4489031483873, ""direction"": ""south"", ""destination"": ""G""}, {""vehicle_id"": ""V7965"", ""lane"": ""7"", ""speed"": 39.06177145475803, ""distance_to_intersection"": 138.15932600869644, ""direction"": ""west"", ""destination"": ""F""}, {""vehicle_id"": ""V3128"", ""lane"": ""5"", ""speed"": 26.02003865957571, ""distance_to_intersection"": 183.31920509000986, ""direction"": ""south"", ""destination"": ""B""}]}",yes,1,['intersection'],"[{'vehicle1_id': 'V8072', 'vehicle2_id': 'V7965'}]",['Potential conflict: Vehicle V8072 must yield to Vehicle V7965'],"{'V7965': 1, 'V8072': 2, 'V3814': None, 'V6829': None, 'V3128': None}","{'V7965': 0, 'V8072': 0, 'V3814': 0, 'V6829': 0, 'V3128': 0}"
"{""vehicles_scenario"": [{""vehicle_id"": ""V7128"", ""lane"": ""4"", ""speed"": 29.829158140011202, ""distance_to_intersection"": 60.162211180442014, ""direction"": ""east"", ""destination"": ""G""}, {""vehicle_id"": ""V7462"", ""lane"": ""5"", ""speed"": 23.710566647092108, ""distance_to_intersection"": 204.1967884530147, ""direction"": ""south"", ""destination"": ""D""}, {""vehicle_id"": ""V3778"", ""lane"": ""6"", ""speed"": 76.25458333640992, ""distance_to_intersection"": 293.0417125768166, ""direction"": ""south"", ""destination"": ""A""}, {""vehicle_id"": ""V1005"", ""lane"": ""6"", ""speed"": 39.37545662284303, ""distance_to_intersection"": 409.9837692062836, ""direction"": ""south"", ""destination"": ""A""}, {""vehicle_id"": ""V9525"", ""lane"": ""2"", ""speed"": 64.97825122130371, ""distance_to_intersection"": 266.2770834007638, ""direction"": ""north"", ""destination"": ""D""}]}",no,0,[],[],[],"{'V7128': None, 'V7462': None, 'V3778': None, 'V1005': None, 'V9525': None}","{'V7128': 0, 'V7462': 0, 'V3778': 0, 'V1005': 0, 'V9525': 0}"
"{""vehicles_scenario"": [{""vehicle_id"": ""V7022"", ""lane"": ""4"", ""speed"": 54.47150642159941, ""distance_to_intersection"": 90.10634775923896, ""direction"": ""east"", ""destination"": ""G""}, {""vehicle_id"": ""V9988"", ""lane"": ""6"", ""speed"": 68.31937328674044, ""distance_to_intersection"": 459.78940662197607, ""direction"": ""south"", ""destination"": ""A""}, {""vehicle_id"": ""V7605"", ""lane"": ""5"", ""speed"": 79.3473219038108, ""distance_to_intersection"": 232.03892527627536, ""direction"": ""south"", ""destination"": ""B""}, {""vehicle_id"": ""V8011"", ""lane"": ""8"", ""speed"": 39.87621304213773, ""distance_to_intersection"": 399.7920961317266, ""direction"": ""west"", ""destination"": ""C""}, {""vehicle_id"": ""V7819"", ""lane"": ""6"", ""speed"": 28.22609290869714, ""distance_to_intersection"": 197.4215557650155, ""direction"": ""south"", ""destination"": ""G""}]}",no,0,[],[],[],"{'V7022': None, 'V9988': None, 'V7605': None, 'V8011': None, 'V7819': None}","{'V7022': 0, 'V9988': 0, 'V7605': 0, 'V8011': 0, 'V7819': 0}"
"{""vehicles_scenario"": [{""vehicle_id"": ""V8556"", ""lane"": ""7"", ""speed"": 60.8070051639407, ""distance_to_intersection"": 408.4423819541082, ""direction"": ""west"", ""destination"": ""D""}, {""vehicle_id"": ""V2547"", ""lane"": ""7"", ""speed"": 41.50438093733655, ""distance_to_intersection"": 316.5470126594105, ""direction"": ""west"", ""destination"": ""F""}, {""vehicle_id"": ""V2025"", ""lane"": ""1"", ""speed"": 56.10078719842019, ""distance_to_intersection"": 60.03282777904563, ""direction"": ""north"", ""destination"": ""F""}, {""vehicle_id"": ""V7074"", ""lane"": ""5"", ""speed"": 40.03560312984357, ""distance_to_intersection"": 104.23961773319766, ""direction"": ""south"", ""destination"": ""B""}]}",no,0,[],[],[],"{'V8556': None, 'V2547': None, 'V2025': None, 'V7074': None}","{'V8556': 0, 'V2547': 0, 'V2025': 0, 'V7074': 0}"
"{""vehicles_scenario"": [{""vehicle_id"": ""V9323"", ""lane"": ""6"", ""speed"": 42.48397993550758, ""distance_to_intersection"": 273.0305510969373, ""direction"": ""south"", ""destination"": ""G""}, {""vehicle_id"": ""V6622"", ""lane"": ""3"", ""speed"": 69.69069987494662, ""distance_to_intersection"": 95.26480686019762, ""direction"": ""east"", ""destination"": ""H""}, {""vehicle_id"": ""V2631"", ""lane"": ""8"", ""speed"": 39.34783751792563, ""distance_to_intersection"": 344.88627264842256, ""direction"": ""west"", ""destination"": ""B""}, {""vehicle_id"": ""V9623"", ""lane"": ""1"", ""speed"": 79.46859929221154, ""distance_to_intersection"": 161.50638257685898, ""direction"": ""north"", ""destination"": ""H""}]}",yes,1,['intersection'],"[{'vehicle1_id': 'V6622', 'vehicle2_id': 'V9623'}]",['Potential conflict: Vehicle V9623 must yield to Vehicle V6622'],"{'V6622': 1, 'V9623': 2, 'V9323': None, 'V2631': None}","{'V6622': 0, 'V9623': 0, 'V9323': 0, 'V2631': 0}"
"{""vehicles_scenario"": [{""vehicle_id"": ""V3925"", ""lane"": ""7"", ""speed"": 79.18357756137314, ""distance_to_intersection"": 174.55469833363105, ""direction"": ""west"", ""destination"": ""D""}, {""vehicle_id"": ""V4483"", ""lane"": ""4"", ""speed"": 63.254357701286395, ""distance_to_intersection"": 125.64731848228801, ""direction"": ""east"", ""destination"": ""G""}, {""vehicle_id"": ""V7098"", ""lane"": ""7"", ""speed"": 67.62492503779077, ""distance_to_intersection"": 398.50253420447945, ""direction"": ""west"", ""destination"": ""F""}]}",yes,1,['intersection'],"[{'vehicle1_id': 'V3925', 'vehicle2_id': 'V4483'}]",['Potential conflict: Vehicle V4483 must yield to Vehicle V3925'],"{'V4483': 1, 'V3925': 2, 'V7098': None}","{'V4483': 0, 'V3925': 2, 'V7098': 0}"
"{""vehicles_scenario"": [{""vehicle_id"": ""V4278"", ""lane"": ""4"", ""speed"": 20.0204942209695, ""distance_to_intersection"": 237.69262500871878, ""direction"": ""east"", ""destination"": ""F""}, {""vehicle_id"": ""V2336"", ""lane"": ""2"", ""speed"": 55.27801147187087, ""distance_to_intersection"": 229.73651374618603, ""direction"": ""north"", ""destination"": ""C""}, {""vehicle_id"": ""V7663"", ""lane"": ""1"", ""speed"": 66.10972766525036, ""distance_to_intersection"": 213.16243548166725, ""direction"": ""north"", ""destination"": ""H""}]}",no,0,[],[],[],"{'V4278': None, 'V2336': None, 'V7663': None}","{'V4278': 0, 'V2336': 0, 'V7663': 0}"
"{""vehicles_scenario"": [{""vehicle_id"": ""V2112"", ""lane"": ""6"", ""speed"": 28.20565603134588, ""distance_to_intersection"": 462.91166591493936, ""direction"": ""south"", ""destination"": ""A""}, {""vehicle_id"": ""V2491"", ""lane"": ""4"", ""speed"": 59.96223937471436, ""distance_to_intersection"": 408.01910874172586, ""direction"": ""east"", ""destination"": ""F""}, {""vehicle_id"": ""V1982"", ""lane"": ""7"", ""speed"": 78.05063538609286, ""distance_to_intersection"": 386.03760072812474, ""direction"": ""west"", ""destination"": ""F""}, {""vehicle_id"": ""V7988"", ""lane"": ""2"", ""speed"": 57.44464950855411, ""distance_to_intersection"": 397.66211812920653, ""direction"": ""north"", ""destination"": ""D""}]}",yes,1,['intersection'],"[{'vehicle1_id': 'V2491', 'vehicle2_id': 'V7988'}]",['Potential conflict: Vehicle V7988 must yield to Vehicle V2491'],"{'V2491': 1, 'V7988': 2, 'V2112': None, 'V1982': None}","{'V2491': 0, 'V7988': 2, 'V2112': 0, 'V1982': 0}"
"{""vehicles_scenario"": [{""vehicle_id"": ""V8695"", ""lane"": ""7"", ""speed"": 41.36983131604404, ""distance_to_intersection"": 365.76479991623916, ""direction"": ""west"", ""destination"": ""F""}, {""vehicle_id"": ""V2679"", ""lane"": ""6"", ""speed"": 46.119486680192935, ""distance_to_intersection"": 407.5641971630251, ""direction"": ""south"", ""destination"": ""G""}, {""vehicle_id"": ""V6584"", ""lane"": ""7"", ""speed"": 23.837719108364904, ""distance_to_intersection"": 491.00876911178676, ""direction"": ""west"", ""destination"": ""D""}]}",yes,1,['intersection'],"[{'vehicle1_id': 'V8695', 'vehicle2_id': 'V2679'}]",['Potential conflict: Vehicle V2679 must yield to Vehicle V8695'],"{'V2679': 1, 'V8695': 2, 'V6584': None}","{'V2679': 0, 'V8695': 2, 'V6584': 0}"
"{""vehicles_scenario"": [{""vehicle_id"": ""V7824"", ""lane"": ""7"", ""speed"": 65.03802313085203, ""distance_to_intersection"": 491.85043788875646, ""direction"": ""west"", ""destination"": ""F""}, {""vehicle_id"": ""V6911"", ""lane"": ""8"", ""speed"": 59.801442902996214, ""distance_to_intersection"": 323.6351735744979, ""direction"": ""west"", ""destination"": ""A""}]}",no,0,[],[],[],"{'V7824': None, 'V6911': None}","{'V7824': 0, 'V6911': 0}"
"{""vehicles_scenario"": [{""vehicle_id"": ""V8314"", ""lane"": ""2"", ""speed"": 75.38267368808832, ""distance_to_intersection"": 99.51762183288689, ""direction"": ""north"", ""destination"": ""D""}, {""vehicle_id"": ""V4811"", ""lane"": ""8"", ""speed"": 71.19157656252013, ""distance_to_intersection"": 417.7679105298019, ""direction"": ""west"", ""destination"": ""B""}, {""vehicle_id"": ""V6012"", ""lane"": ""8"", ""speed"": 36.18177008745694, ""distance_to_intersection"": 137.1952865708779, ""direction"": ""west"", ""destination"": ""C""}, {""vehicle_id"": ""V3703"", ""lane"": ""6"", ""speed"": 77.16859664697508, ""distance_to_intersection"": 71.26752897375738, ""direction"": ""south"", ""destination"": ""G""}]}",no,0,[],[],[],"{'V8314': None, 'V4811': None, 'V6012': None, 'V3703': None}","{'V8314': 0, 'V4811': 0, 'V6012': 0, 'V3703': 0}"
"{""vehicles_scenario"": [{""vehicle_id"": ""V7995"", ""lane"": ""8"", ""speed"": 78.5501476839757, ""distance_to_intersection"": 56.38716751057514, ""direction"": ""west"", ""destination"": ""B""}, {""vehicle_id"": ""V7784"", ""lane"": ""5"", ""speed"": 29.356145568506818, ""distance_to_intersection"": 97.2271354183244, ""direction"": ""south"", ""destination"": ""B""}]}",no,0,[],[],[],"{'V7995': None, 'V7784': None}","{'V7995': 0, 'V7784': 0}"
"{""vehicles_scenario"": [{""vehicle_id"": ""V2302"", ""lane"": ""8"", ""speed"": 79.40726126510359, ""distance_to_intersection"": 433.278493393843, ""direction"": ""west"", ""destination"": ""C""}, {""vehicle_id"": ""V6216"", ""lane"": ""5"", ""speed"": 58.960517666500095, ""distance_to_intersection"": 315.08984997200105, ""direction"": ""south"", ""destination"": ""D""}, {""vehicle_id"": ""V3388"", ""lane"": ""7"", ""speed"": 23.04724789950291, ""distance_to_intersection"": 301.77903055959666, ""direction"": ""west"", ""destination"": ""F""}]}",yes,1,['intersection'],"[{'vehicle1_id': 'V2302', 'vehicle2_id': 'V6216'}]",['Potential conflict: Vehicle V2302 must yield to Vehicle V6216'],"{'V6216': 1, 'V2302': 2, 'V3388': None}","{'V6216': 0, 'V2302': 2, 'V3388': 0}"
"{""vehicles_scenario"": [{""vehicle_id"": ""V6930"", ""lane"": ""6"", ""speed"": 20.399593416095946, ""distance_to_intersection"": 86.27296021266719, ""direction"": ""south"", ""destination"": ""H""}, {""vehicle_id"": ""V9990"", ""lane"": ""1"", ""speed"": 73.67004661203859, ""distance_to_intersection"": 292.09647907308477, ""direction"": ""north"", ""destination"": ""F""}, {""vehicle_id"": ""V6041"", ""lane"": ""6"", ""speed"": 20.4218038823506, ""distance_to_intersection"": 151.377348621716, ""direction"": ""south"", ""destination"": ""G""}]}",yes,1,['intersection'],"[{'vehicle1_id': 'V6930', 'vehicle2_id': 'V9990'}]",['Potential conflict: Vehicle V6930 must yield to Vehicle V9990'],"{'V9990': 1, 'V6930': 2, 'V6041': None}","{'V9990': 0, 'V6930': 2, 'V6041': 0}"
"{""vehicles_scenario"": [{""vehicle_id"": ""V9425"", ""lane"": ""3"", ""speed"": 30.44849226274333, ""distance_to_intersection"": 168.8157606878755, ""direction"": ""east"", ""destination"": ""H""}, {""vehicle_id"": ""V8285"", ""lane"": ""3"", ""speed"": 29.615643198154956, ""distance_to_intersection"": 364.46231168239865, ""direction"": ""east"", ""destination"": ""H""}, {""vehicle_id"": ""V3672"", ""lane"": ""3"", ""speed"": 42.78017248139598, ""distance_to_intersection"": 342.25412385659683, ""direction"": ""east"", ""destination"": ""H""}, {""vehicle_id"": ""V8160"", ""lane"": ""8"", ""speed"": 45.12877485766691, ""distance_to_intersection"": 238.577867545769, ""direction"": ""west"", ""destination"": ""B""}, {""vehicle_id"": ""V5170"", ""lane"": ""3"", ""speed"": 39.47591622541934, ""distance_to_intersection"": 130.58805041416093, ""direction"": ""east"", ""destination"": ""H""}]}",yes,1,['intersection'],"[{'vehicle1_id': 'V9425', 'vehicle2_id': 'V8160'}]",['Potential conflict: Vehicle V8160 must yield to Vehicle V9425'],"{'V8160': 1, 'V9425': 2, 'V8285': None, 'V3672': None, 'V5170': None}","{'V8160': 0, 'V9425': 2, 'V8285': 0, 'V3672': 0, 'V5170': 0}"
"{""vehicles_scenario"": [{""vehicle_id"": ""V1530"", ""lane"": ""8"", ""speed"": 39.79169431040245, ""distance_to_intersection"": 75.32613210114363, ""direction"": ""west"", ""destination"": ""B""}, {""vehicle_id"": ""V9595"", ""lane"": ""5"", ""speed"": 73.73880710659884, ""distance_to_intersection"": 213.522311268334, ""direction"": ""south"", ""destination"": ""D""}]}",yes,1,['intersection'],"[{'vehicle1_id': 'V1530', 'vehicle2_id': 'V9595'}]",['Potential conflict: Vehicle V9595 must yield to Vehicle V1530'],"{'V1530': 1, 'V9595': 2}","{'V1530': 0, 'V9595': 0}"
"{""vehicles_scenario"": [{""vehicle_id"": ""V5283"", ""lane"": ""8"", ""speed"": 46.050683050769806, ""distance_to_intersection"": 307.5451810877719, ""direction"": ""west"", ""destination"": ""B""}, {""vehicle_id"": ""V6061"", ""lane"": ""4"", ""speed"": 49.05024357157741, ""distance_to_intersection"": 396.0908844585626, ""direction"": ""east"", ""destination"": ""E""}, {""vehicle_id"": ""V8498"", ""lane"": ""6"", ""speed"": 61.62934997113413, ""distance_to_intersection"": 217.22675368709724, ""direction"": ""south"", ""destination"": ""A""}, {""vehicle_id"": ""V9908"", ""lane"": ""8"", ""speed"": 76.46836292570813, ""distance_to_intersection"": 349.6725854444277, ""direction"": ""west"", ""destination"": ""A""}]}",yes,1,['intersection'],"[{'vehicle1_id': 'V8498', 'vehicle2_id': 'V9908'}]",['Potential conflict: Vehicle V9908 must yield to Vehicle V8498'],"{'V8498': 1, 'V9908': 2, 'V5283': None, 'V6061': None}","{'V8498': 0, 'V9908': 0, 'V5283': 0, 'V6061': 0}"
"{""vehicles_scenario"": [{""vehicle_id"": ""V4555"", ""lane"": ""1"", ""speed"": 24.0818659245676, ""distance_to_intersection"": 195.74833664714586, ""direction"": ""north"", ""destination"": ""H""}, {""vehicle_id"": ""V6201"", ""lane"": ""7"", ""speed"": 59.29856906705113, ""distance_to_intersection"": 138.51473623244414, ""direction"": ""west"", ""destination"": ""F""}, {""vehicle_id"": ""V1994"", ""lane"": ""1"", ""speed"": 45.35893342321785, ""distance_to_intersection"": 162.828228971656, ""direction"": ""north"", ""destination"": ""F""}, {""vehicle_id"": ""V6656"", ""lane"": ""7"", ""speed"": 44.85102912968625, ""distance_to_intersection"": 417.9582320095788, ""direction"": ""west"", ""destination"": ""D""}, {""vehicle_id"": ""V2515"", ""lane"": ""8"", ""speed"": 67.74408711625117, ""distance_to_intersection"": 174.81859715862066, ""direction"": ""west"", ""destination"": ""A""}]}",yes,1,['intersection'],"[{'vehicle1_id': 'V1994', 'vehicle2_id': 'V2515'}]",['Potential conflict: Vehicle V1994 must yield to Vehicle V2515'],"{'V2515': 1, 'V1994': 2, 'V4555': None, 'V6201': None, 'V6656': None}","{'V2515': 0, 'V1994': 0, 'V4555': 0, 'V6201': 0, 'V6656': 0}"
"{""vehicles_scenario"": [{""vehicle_id"": ""V4029"", ""lane"": ""7"", ""speed"": 47.335631956494, ""distance_to_intersection"": 496.8858998297205, ""direction"": ""west"", ""destination"": ""F""}, {""vehicle_id"": ""V3330"", ""lane"": ""5"", ""speed"": 58.47040905866203, ""distance_to_intersection"": 325.9872242419187, ""direction"": ""south"", ""destination"": ""B""}, {""vehicle_id"": ""V5307"", ""lane"": ""8"", ""speed"": 55.54247764276485, ""distance_to_intersection"": 294.00156246128967, ""direction"": ""west"", ""destination"": ""B""}, {""vehicle_id"": ""V9498"", ""lane"": ""3"", ""speed"": 56.073950424276276, ""distance_to_intersection"": 221.36167267045127, ""direction"": ""east"", ""destination"": ""H""}, {""vehicle_id"": ""V6209"", ""lane"": ""2"", ""speed"": 21.646206627206542, ""distance_to_intersection"": 189.80869224405492, ""direction"": ""north"", ""destination"": ""E""}]}",yes,1,['intersection'],"[{'vehicle1_id': 'V3330', 'vehicle2_id': 'V5307'}]",['Potential conflict: Vehicle V3330 must yield to Vehicle V5307'],"{'V5307': 1, 'V3330': 2, 'V4029': None, 'V9498': None, 'V6209': None}","{'V5307': 0, 'V3330': 1, 'V4029': 0, 'V9498': 0, 'V6209': 0}"
"{""vehicles_scenario"": [{""vehicle_id"": ""V9698"", ""lane"": ""4"", ""speed"": 47.678965971056854, ""distance_to_intersection"": 434.58479038124756, ""direction"": ""east"", ""destination"": ""E""}, {""vehicle_id"": ""V2728"", ""lane"": ""4"", ""speed"": 20.771673097037556, ""distance_to_intersection"": 149.59906463058326, ""direction"": ""east"", ""destination"": ""E""}, {""vehicle_id"": ""V5232"", ""lane"": ""7"", ""speed"": 70.60052114428714, ""distance_to_intersection"": 478.4730057958998, ""direction"": ""west"", ""destination"": ""F""}]}",yes,1,['intersection'],"[{'vehicle1_id': 'V2728', 'vehicle2_id': 'V5232'}]",['Potential conflict: Vehicle V2728 must yield to Vehicle V5232'],"{'V5232': 1, 'V2728': 2, 'V9698': None}","{'V5232': 0, 'V2728': 1, 'V9698': 0}"
"{""vehicles_scenario"": [{""vehicle_id"": ""V3268"", ""lane"": ""7"", ""speed"": 61.61600261427204, ""distance_to_intersection"": 156.38569737694888, ""direction"": ""west"", ""destination"": ""F""}, {""vehicle_id"": ""V4555"", ""lane"": ""6"", ""speed"": 56.37444299701702, ""distance_to_intersection"": 139.77024558449656, ""direction"": ""south"", ""destination"": ""G""}, {""vehicle_id"": ""V3558"", ""lane"": ""5"", ""speed"": 63.1832806958578, ""distance_to_intersection"": 290.8239537117634, ""direction"": ""south"", ""destination"": ""D""}]}",yes,1,['intersection'],"[{'vehicle1_id': 'V3268', 'vehicle2_id': 'V4555'}]",['Potential conflict: Vehicle V4555 must yield to Vehicle V3268'],"{'V4555': 1, 'V3268': 2, 'V3558': None}","{'V4555': 0, 'V3268': 2, 'V3558': 0}"
"{""vehicles_scenario"": [{""vehicle_id"": ""V9537"", ""lane"": ""6"", ""speed"": 43.299798196478534, ""distance_to_intersection"": 206.8460940795223, ""direction"": ""south"", ""destination"": ""A""}, {""vehicle_id"": ""V8215"", ""lane"": ""3"", ""speed"": 27.301169277803616, ""distance_to_intersection"": 65.0881698157284, ""direction"": ""east"", ""destination"": ""H""}, {""vehicle_id"": ""V9457"", ""lane"": ""2"", ""speed"": 55.4206556334578, ""distance_to_intersection"": 488.5362121602673, ""direction"": ""north"", ""destination"": ""D""}, {""vehicle_id"": ""V6034"", ""lane"": ""8"", ""speed"": 48.56688644120611, ""distance_to_intersection"": 68.85221419127191, ""direction"": ""west"", ""destination"": ""A""}]}",yes,1,['intersection'],"[{'vehicle1_id': 'V8215', 'vehicle2_id': 'V6034'}]",['Potential conflict: Vehicle V8215 must yield to Vehicle V6034'],"{'V6034': 1, 'V8215': 2, 'V9537': None, 'V9457': None}","{'V6034': 0, 'V8215': 0, 'V9537': 0, 'V9457': 0}"
"{""vehicles_scenario"": [{""vehicle_id"": ""V7594"", ""lane"": ""2"", ""speed"": 66.79787742276028, ""distance_to_intersection"": 79.18188269631062, ""direction"": ""north"", ""destination"": ""C""}, {""vehicle_id"": ""V6529"", ""lane"": ""6"", ""speed"": 21.760472319833845, ""distance_to_intersection"": 458.7002041258861, ""direction"": ""south"", ""destination"": ""G""}, {""vehicle_id"": ""V8651"", ""lane"": ""2"", ""speed"": 68.39052977283663, ""distance_to_intersection"": 479.174976134965, ""direction"": ""north"", ""destination"": ""C""}, {""vehicle_id"": ""V1887"", ""lane"": ""3"", ""speed"": 74.08669781690386, ""distance_to_intersection"": 146.68660981864184, ""direction"": ""east"", ""destination"": ""H""}, {""vehicle_id"": ""V2451"", ""lane"": ""7"", ""speed"": 62.235624253032114, ""distance_to_intersection"": 415.34901222762204, ""direction"": ""west"", ""destination"": ""F""}]}",yes,2,"['intersection', 'intersection']","[{'vehicle1_id': 'V7594', 'vehicle2_id': 'V1887'}, {'vehicle1_id': 'V8651', 'vehicle2_id': 'V2451'}]","['Potential conflict: Vehicle V1887 must yield to Vehicle V7594', 'Potential conflict: Vehicle V8651 must yield to Vehicle V2451']","{'V7594': 1, 'V1887': 2, 'V2451': 3, 'V8651': 4, 'V6529': None}","{'V7594': 0, 'V1887': 0, 'V2451': 0, 'V8651': 1, 'V6529': 0}"
"{""vehicles_scenario"": [{""vehicle_id"": ""V4653"", ""lane"": ""4"", ""speed"": 63.53029471482242, ""distance_to_intersection"": 444.55907911747545, ""direction"": ""east"", ""destination"": ""E""}, {""vehicle_id"": ""V4636"", ""lane"": ""1"", ""speed"": 39.870108008904495, ""distance_to_intersection"": 272.9905091665141, ""direction"": ""north"", ""destination"": ""H""}, {""vehicle_id"": ""V5166"", ""lane"": ""1"", ""speed"": 47.01902685657899, ""distance_to_intersection"": 291.2222254514205, ""direction"": ""north"", ""destination"": ""F""}, {""vehicle_id"": ""V8707"", ""lane"": ""3"", ""speed"": 46.28691019074672, ""distance_to_intersection"": 470.8031994340433, ""direction"": ""east"", ""destination"": ""H""}, {""vehicle_id"": ""V6259"", ""lane"": ""6"", ""speed"": 67.74117986655968, ""distance_to_intersection"": 183.7518275548857, ""direction"": ""south"", ""destination"": ""H""}]}",yes,2,"['intersection', 'intersection']","[{'vehicle1_id': 'V4653', 'vehicle2_id': 'V4636'}, {'vehicle1_id': 'V4653', 'vehicle2_id': 'V5166'}]","['Potential conflict: Vehicle V4653 must yield to Vehicle V4636', 'Potential conflict: Vehicle V4653 must yield to Vehicle V5166']","{'V5166': 1, 'V4636': 2, 'V4653': 3, 'V8707': None, 'V6259': None}","{'V5166': 0, 'V4636': 0, 'V4653': 2, 'V8707': 0, 'V6259': 0}"
"{""vehicles_scenario"": [{""vehicle_id"": ""V2248"", ""lane"": ""3"", ""speed"": 35.412757812370295, ""distance_to_intersection"": 474.6873806987148, ""direction"": ""east"", ""destination"": ""H""}, {""vehicle_id"": ""V1339"", ""lane"": ""4"", ""speed"": 77.37390827764554, ""distance_to_intersection"": 107.43152342453816, ""direction"": ""east"", ""destination"": ""E""}, {""vehicle_id"": ""V2887"", ""lane"": ""2"", ""speed"": 46.604852682129234, ""distance_to_intersection"": 55.64741771671719, ""direction"": ""north"", ""destination"": ""E""}]}",yes,1,['intersection'],"[{'vehicle1_id': 'V1339', 'vehicle2_id': 'V2887'}]",['Potential conflict: Vehicle V2887 must yield to Vehicle V1339'],"{'V2887': 1, 'V1339': 2, 'V2248': None}","{'V2887': 0, 'V1339': 2, 'V2248': 0}"
"{""vehicles_scenario"": [{""vehicle_id"": ""V5759"", ""lane"": ""8"", ""speed"": 51.5226455318718, ""distance_to_intersection"": 429.513318497857, ""direction"": ""west"", ""destination"": ""A""}, {""vehicle_id"": ""V2131"", ""lane"": ""4"", ""speed"": 70.14849532111722, ""distance_to_intersection"": 272.81852034647426, ""direction"": ""east"", ""destination"": ""E""}, {""vehicle_id"": ""V7600"", ""lane"": ""8"", ""speed"": 67.10424178838619, ""distance_to_intersection"": 186.60286522214017, ""direction"": ""west"", ""destination"": ""A""}, {""vehicle_id"": ""V5540"", ""lane"": ""6"", ""speed"": 43.64841930211172, ""distance_to_intersection"": 82.06234976780777, ""direction"": ""south"", ""destination"": ""H""}]}",yes,1,['intersection'],"[{'vehicle1_id': 'V7600', 'vehicle2_id': 'V5540'}]",['Potential conflict: Vehicle V7600 must yield to Vehicle V5540'],"{'V5540': 1, 'V7600': 2, 'V5759': None, 'V2131': None}","{'V5540': 0, 'V7600': 0, 'V5759': 0, 'V2131': 0}"
"{""vehicles_scenario"": [{""vehicle_id"": ""V1489"", ""lane"": ""8"", ""speed"": 61.77429982430391, ""distance_to_intersection"": 237.9790679472573, ""direction"": ""west"", ""destination"": ""C""}, {""vehicle_id"": ""V5888"", ""lane"": ""8"", ""speed"": 47.63480189840999, ""distance_to_intersection"": 494.9861641482636, ""direction"": ""west"", ""destination"": ""B""}, {""vehicle_id"": ""V7783"", ""lane"": ""4"", ""speed"": 25.48808474400755, ""distance_to_intersection"": 65.83912887596495, ""direction"": ""east"", ""destination"": ""G""}, {""vehicle_id"": ""V6771"", ""lane"": ""1"", ""speed"": 45.97991118694499, ""distance_to_intersection"": 72.53166712919761, ""direction"": ""north"", ""destination"": ""F""}, {""vehicle_id"": ""V1246"", ""lane"": ""6"", ""speed"": 56.578164866116474, ""distance_to_intersection"": 331.96174588915113, ""direction"": ""south"", ""destination"": ""A""}]}",yes,1,['intersection'],"[{'vehicle1_id': 'V7783', 'vehicle2_id': 'V6771'}]",['Potential conflict: Vehicle V7783 must yield to Vehicle V6771'],"{'V6771': 1, 'V7783': 2, 'V1489': None, 'V5888': None, 'V1246': None}","{'V6771': 0, 'V7783': 0, 'V1489': 0, 'V5888': 0, 'V1246': 0}"
